[{"model": "admin.logentry", "pk": 1, "fields": {"action_time": "2023-07-05T11:30:41.544Z", "user": 1, "content_type": 7, "object_id": "1", "object_repr": "Profile object (1)", "action_flag": 1, "change_message": "[{\"added\": {}}]"}}, {"model": "admin.logentry", "pk": 2, "fields": {"action_time": "2023-07-05T14:38:35.091Z", "user": 1, "content_type": 4, "object_id": "2", "object_repr": "goshko", "action_flag": 3, "change_message": ""}}, {"model": "admin.logentry", "pk": 3, "fields": {"action_time": "2023-07-05T15:59:07.244Z", "user": 1, "content_type": 8, "object_id": "1", "object_repr": "Маргарита", "action_flag": 1, "change_message": "[{\"added\": {}}]"}}, {"model": "admin.logentry", "pk": 4, "fields": {"action_time": "2023-07-05T16:24:04.741Z", "user": 1, "content_type": 4, "object_id": "3", "object_repr": "goshko", "action_flag": 3, "change_message": ""}}, {"model": "admin.logentry", "pk": 5, "fields": {"action_time": "2023-07-05T19:58:25.232Z", "user": 1, "content_type": 4, "object_id": "4", "object_repr": "Gosh40404040404", "action_flag": 2, "change_message": "[{\"changed\": {\"fields\": [\"Username\"]}}]"}}, {"model": "admin.logentry", "pk": 6, "fields": {"action_time": "2023-07-05T20:31:12.302Z", "user": 1, "content_type": 8, "object_id": "2", "object_repr": "Cheese", "action_flag": 1, "change_message": "[{\"added\": {}}]"}}, {"model": "admin.logentry", "pk": 7, "fields": {"action_time": "2023-07-05T20:33:44.436Z", "user": 1, "content_type": 8, "object_id": "3", "object_repr": "Veggie", "action_flag": 1, "change_message": "[{\"added\": {}}]"}}, {"model": "admin.logentry", "pk": 8, "fields": {"action_time": "2023-07-05T23:07:13.733Z", "user": 1, "content_type": 4, "object_id": "5", "object_repr": "Deletethisuser", "action_flag": 3, "change_message": ""}}, {"model": "admin.logentry", "pk": 9, "fields": {"action_time": "2023-07-05T23:11:13.857Z", "user": 1, "content_type": 4, "object_id": "6", "object_repr": "Newuser", "action_flag": 3, "change_message": ""}}, {"model": "admin.logentry", "pk": 10, "fields": {"action_time": "2023-07-06T00:46:21.789Z", "user": 1, "content_type": 8, "object_id": "4", "object_repr": "Pepperoni", "action_flag": 1, "change_message": "[{\"added\": {}}]"}}, {"model": "admin.logentry", "pk": 11, "fields": {"action_time": "2023-07-06T00:46:44.028Z", "user": 1, "content_type": 8, "object_id": "3", "object_repr": "Veggie", "action_flag": 2, "change_message": "[{\"changed\": {\"fields\": [\"Ingredients\"]}}]"}}, {"model": "admin.logentry", "pk": 12, "fields": {"action_time": "2023-07-06T00:48:27.633Z", "user": 1, "content_type": 8, "object_id": "3", "object_repr": "Veggie", "action_flag": 2, "change_message": "[{\"changed\": {\"fields\": [\"Ingredients\"]}}]"}}, {"model": "admin.logentry", "pk": 13, "fields": {"action_time": "2023-07-06T01:01:11.915Z", "user": 1, "content_type": 8, "object_id": "3", "object_repr": "Veggie", "action_flag": 2, "change_message": "[{\"changed\": {\"fields\": [\"Ingredients\"]}}]"}}, {"model": "admin.logentry", "pk": 14, "fields": {"action_time": "2023-07-06T01:02:37.682Z", "user": 1, "content_type": 8, "object_id": "5", "object_repr": "Meat", "action_flag": 1, "change_message": "[{\"added\": {}}]"}}, {"model": "admin.logentry", "pk": 15, "fields": {"action_time": "2023-07-06T01:03:34.990Z", "user": 1, "content_type": 8, "object_id": "6", "object_repr": "Margherita", "action_flag": 1, "change_message": "[{\"added\": {}}]"}}, {"model": "admin.logentry", "pk": 16, "fields": {"action_time": "2023-07-06T01:05:49.720Z", "user": 1, "content_type": 8, "object_id": "7", "object_repr": "BBQ Chicken", "action_flag": 1, "change_message": "[{\"added\": {}}]"}}, {"model": "admin.logentry", "pk": 17, "fields": {"action_time": "2023-07-06T01:07:30.441Z", "user": 1, "content_type": 8, "object_id": "8", "object_repr": "Hawaiian", "action_flag": 1, "change_message": "[{\"added\": {}}]"}}, {"model": "admin.logentry", "pk": 18, "fields": {"action_time": "2023-07-06T01:08:47.709Z", "user": 1, "content_type": 8, "object_id": "9", "object_repr": "Buffalo", "action_flag": 1, "change_message": "[{\"added\": {}}]"}}, {"model": "admin.logentry", "pk": 19, "fields": {"action_time": "2023-07-06T01:10:41.045Z", "user": 1, "content_type": 8, "object_id": "10", "object_repr": "Supreme", "action_flag": 1, "change_message": "[{\"added\": {}}]"}}, {"model": "admin.logentry", "pk": 20, "fields": {"action_time": "2023-07-06T01:15:50.683Z", "user": 1, "content_type": 8, "object_id": "11", "object_repr": "The Works", "action_flag": 1, "change_message": "[{\"added\": {}}]"}}, {"model": "admin.logentry", "pk": 21, "fields": {"action_time": "2023-07-07T00:04:37.645Z", "user": 1, "content_type": 8, "object_id": "13", "object_repr": "Italian", "action_flag": 2, "change_message": "[{\"changed\": {\"fields\": [\"Is special\"]}}]"}}, {"model": "admin.logentry", "pk": 22, "fields": {"action_time": "2023-07-09T11:00:12.105Z", "user": 1, "content_type": 10, "object_id": "1", "object_repr": "kaloian's Cart", "action_flag": 1, "change_message": "[{\"added\": {}}]"}}, {"model": "admin.logentry", "pk": 23, "fields": {"action_time": "2023-07-20T17:54:30.893Z", "user": 1, "content_type": 9, "object_id": "27", "object_repr": "Cheese | 1 (kaloian)", "action_flag": 3, "change_message": ""}}, {"model": "admin.logentry", "pk": 24, "fields": {"action_time": "2023-07-20T17:54:30.903Z", "user": 1, "content_type": 9, "object_id": "26", "object_repr": "Veggie | 1 (kaloian)", "action_flag": 3, "change_message": ""}}, {"model": "admin.logentry", "pk": 25, "fields": {"action_time": "2023-07-20T17:55:02.263Z", "user": 1, "content_type": 9, "object_id": "29", "object_repr": "Pepperoni | 1 (kaloian)", "action_flag": 3, "change_message": ""}}, {"model": "admin.logentry", "pk": 26, "fields": {"action_time": "2023-07-20T17:55:05.514Z", "user": 1, "content_type": 9, "object_id": "28", "object_repr": "Veggie | 1 (kaloian)", "action_flag": 3, "change_message": ""}}, {"model": "admin.logentry", "pk": 27, "fields": {"action_time": "2023-07-21T18:55:43.197Z", "user": 1, "content_type": 12, "object_id": "2", "object_repr": "Offer object (2)", "action_flag": 3, "change_message": ""}}, {"model": "admin.logentry", "pk": 28, "fields": {"action_time": "2023-07-21T21:28:11.365Z", "user": 1, "content_type": 12, "object_id": "3", "object_repr": "Offer object (3)", "action_flag": 3, "change_message": ""}}, {"model": "admin.logentry", "pk": 29, "fields": {"action_time": "2023-07-22T08:36:29.130Z", "user": 1, "content_type": 12, "object_id": "1", "object_repr": "Offer object (1)", "action_flag": 3, "change_message": ""}}, {"model": "admin.logentry", "pk": 30, "fields": {"action_time": "2023-07-22T10:57:15.039Z", "user": 1, "content_type": 12, "object_id": "6", "object_repr": "Offer object (6)", "action_flag": 3, "change_message": ""}}, {"model": "admin.logentry", "pk": 31, "fields": {"action_time": "2023-07-22T10:57:18.385Z", "user": 1, "content_type": 12, "object_id": "7", "object_repr": "Offer object (7)", "action_flag": 3, "change_message": ""}}, {"model": "admin.logentry", "pk": 32, "fields": {"action_time": "2023-07-22T10:57:21.092Z", "user": 1, "content_type": 12, "object_id": "5", "object_repr": "Offer object (5)", "action_flag": 3, "change_message": ""}}, {"model": "admin.logentry", "pk": 33, "fields": {"action_time": "2023-07-22T12:29:38.249Z", "user": 1, "content_type": 12, "object_id": "26", "object_repr": "Offer object (26)", "action_flag": 3, "change_message": ""}}, {"model": "admin.logentry", "pk": 34, "fields": {"action_time": "2023-07-22T12:29:38.256Z", "user": 1, "content_type": 12, "object_id": "25", "object_repr": "Offer object (25)", "action_flag": 3, "change_message": ""}}, {"model": "admin.logentry", "pk": 35, "fields": {"action_time": "2023-07-22T12:29:38.262Z", "user": 1, "content_type": 12, "object_id": "24", "object_repr": "Offer object (24)", "action_flag": 3, "change_message": ""}}, {"model": "admin.logentry", "pk": 36, "fields": {"action_time": "2023-07-22T12:30:41.200Z", "user": 1, "content_type": 12, "object_id": "27", "object_repr": "Offer object (27)", "action_flag": 3, "change_message": ""}}, {"model": "admin.logentry", "pk": 37, "fields": {"action_time": "2023-07-22T14:20:04.597Z", "user": 1, "content_type": 12, "object_id": "8", "object_repr": "Offer object (8)", "action_flag": 2, "change_message": "[{\"changed\": {\"fields\": [\"Is active\"]}}]"}}, {"model": "admin.logentry", "pk": 38, "fields": {"action_time": "2023-07-22T14:20:13.252Z", "user": 1, "content_type": 12, "object_id": "8", "object_repr": "Offer object (8)", "action_flag": 2, "change_message": "[{\"changed\": {\"fields\": [\"Is active\"]}}]"}}, {"model": "admin.logentry", "pk": 39, "fields": {"action_time": "2023-07-22T14:23:00.125Z", "user": 1, "content_type": 12, "object_id": "8", "object_repr": "Offer object (8)", "action_flag": 2, "change_message": "[{\"changed\": {\"fields\": [\"Is active\"]}}]"}}, {"model": "admin.logentry", "pk": 40, "fields": {"action_time": "2023-07-22T14:53:03.936Z", "user": 1, "content_type": 12, "object_id": "37", "object_repr": "Offer object (37)", "action_flag": 3, "change_message": ""}}, {"model": "admin.logentry", "pk": 41, "fields": {"action_time": "2023-07-24T16:14:48.322Z", "user": 1, "content_type": 9, "object_id": "115", "object_repr": "The Works | Offer - Mixing The best - one of the best pizzas we have are here", "action_flag": 3, "change_message": ""}}, {"model": "admin.logentry", "pk": 42, "fields": {"action_time": "2023-07-24T16:14:48.329Z", "user": 1, "content_type": 9, "object_id": "114", "object_repr": "BBQ Chicken | Offer - Mixing The best - one of the best pizzas we have are here", "action_flag": 3, "change_message": ""}}, {"model": "admin.logentry", "pk": 43, "fields": {"action_time": "2023-07-24T16:14:48.336Z", "user": 1, "content_type": 9, "object_id": "113", "object_repr": "Margherita | Offer - Mixing The best - one of the best pizzas we have are here", "action_flag": 3, "change_message": ""}}, {"model": "admin.logentry", "pk": 44, "fields": {"action_time": "2023-07-24T16:14:48.341Z", "user": 1, "content_type": 9, "object_id": "112", "object_repr": "Veggie | Offer - Mixing The best - one of the best pizzas we have are here", "action_flag": 3, "change_message": ""}}, {"model": "admin.logentry", "pk": 45, "fields": {"action_time": "2023-07-24T16:14:48.346Z", "user": 1, "content_type": 9, "object_id": "111", "object_repr": "Cheese | Offer - Mixing The best - one of the best pizzas we have are here", "action_flag": 3, "change_message": ""}}, {"model": "admin.logentry", "pk": 46, "fields": {"action_time": "2023-07-24T16:14:48.349Z", "user": 1, "content_type": 9, "object_id": "110", "object_repr": "Cheese | Offer - Cheese Mania", "action_flag": 3, "change_message": ""}}, {"model": "admin.logentry", "pk": 47, "fields": {"action_time": "2023-07-24T16:14:48.354Z", "user": 1, "content_type": 9, "object_id": "109", "object_repr": "Cheese | Offer - Cheese Mania", "action_flag": 3, "change_message": ""}}, {"model": "admin.logentry", "pk": 48, "fields": {"action_time": "2023-07-24T16:14:48.358Z", "user": 1, "content_type": 9, "object_id": "15", "object_repr": "Margherita | (Mina)", "action_flag": 3, "change_message": ""}}, {"model": "admin.logentry", "pk": 49, "fields": {"action_time": "2023-07-24T16:14:48.364Z", "user": 1, "content_type": 9, "object_id": "14", "object_repr": "Buffalo | (Mina)", "action_flag": 3, "change_message": ""}}, {"model": "admin.logentry", "pk": 50, "fields": {"action_time": "2023-07-24T16:14:48.370Z", "user": 1, "content_type": 9, "object_id": "13", "object_repr": "Hawaiian | (Mina)", "action_flag": 3, "change_message": ""}}, {"model": "admin.logentry", "pk": 51, "fields": {"action_time": "2023-07-24T16:14:48.375Z", "user": 1, "content_type": 9, "object_id": "12", "object_repr": "Veggie | (Mina)", "action_flag": 3, "change_message": ""}}, {"model": "admin.logentry", "pk": 52, "fields": {"action_time": "2023-07-24T16:14:48.379Z", "user": 1, "content_type": 9, "object_id": "8", "object_repr": "BBQ Chicken | (Goshko)", "action_flag": 3, "change_message": ""}}, {"model": "admin.logentry", "pk": 53, "fields": {"action_time": "2023-07-24T16:14:48.384Z", "user": 1, "content_type": 9, "object_id": "7", "object_repr": "Meat | (Goshko)", "action_flag": 3, "change_message": ""}}, {"model": "admin.logentry", "pk": 54, "fields": {"action_time": "2023-07-24T16:14:48.389Z", "user": 1, "content_type": 9, "object_id": "6", "object_repr": "Pepperoni | (Goshko)", "action_flag": 3, "change_message": ""}}, {"model": "admin.logentry", "pk": 55, "fields": {"action_time": "2023-07-24T16:53:33.308Z", "user": 1, "content_type": 9, "object_id": "169", "object_repr": "Meat | (kaloian)", "action_flag": 3, "change_message": ""}}, {"model": "admin.logentry", "pk": 56, "fields": {"action_time": "2023-07-24T16:53:37.343Z", "user": 1, "content_type": 9, "object_id": "168", "object_repr": "Pepperoni | (kaloian)", "action_flag": 3, "change_message": ""}}, {"model": "admin.logentry", "pk": 57, "fields": {"action_time": "2023-07-24T21:55:53.023Z", "user": 1, "content_type": 14, "object_id": "1", "object_repr": "kaloian's Review", "action_flag": 3, "change_message": ""}}, {"model": "admin.logentry", "pk": 58, "fields": {"action_time": "2023-07-24T22:06:13.505Z", "user": 1, "content_type": 14, "object_id": "6", "object_repr": "kaloian's Review", "action_flag": 3, "change_message": ""}}, {"model": "admin.logentry", "pk": 59, "fields": {"action_time": "2023-07-24T22:06:13.516Z", "user": 1, "content_type": 14, "object_id": "5", "object_repr": "kaloian's Review", "action_flag": 3, "change_message": ""}}, {"model": "admin.logentry", "pk": 60, "fields": {"action_time": "2023-07-24T22:06:13.521Z", "user": 1, "content_type": 14, "object_id": "4", "object_repr": "kaloian's Review", "action_flag": 3, "change_message": ""}}, {"model": "admin.logentry", "pk": 61, "fields": {"action_time": "2023-07-24T22:06:13.527Z", "user": 1, "content_type": 14, "object_id": "3", "object_repr": "kaloian's Review", "action_flag": 3, "change_message": ""}}, {"model": "admin.logentry", "pk": 62, "fields": {"action_time": "2023-07-24T22:06:13.532Z", "user": 1, "content_type": 14, "object_id": "2", "object_repr": "kaloian's Review", "action_flag": 3, "change_message": ""}}, {"model": "admin.logentry", "pk": 63, "fields": {"action_time": "2023-07-26T11:44:19.339Z", "user": 1, "content_type": 9, "object_id": "236", "object_repr": "Cheese (kaloian)", "action_flag": 3, "change_message": ""}}, {"model": "admin.logentry", "pk": 64, "fields": {"action_time": "2023-07-26T11:44:19.348Z", "user": 1, "content_type": 9, "object_id": "235", "object_repr": "Cheese (kaloian)", "action_flag": 3, "change_message": ""}}, {"model": "admin.logentry", "pk": 65, "fields": {"action_time": "2023-07-26T11:44:19.359Z", "user": 1, "content_type": 9, "object_id": "234", "object_repr": "Cheese (kaloian)", "action_flag": 3, "change_message": ""}}, {"model": "admin.logentry", "pk": 66, "fields": {"action_time": "2023-07-26T11:44:19.371Z", "user": 1, "content_type": 9, "object_id": "233", "object_repr": "Cheese (kaloian)", "action_flag": 3, "change_message": ""}}, {"model": "admin.logentry", "pk": 67, "fields": {"action_time": "2023-07-26T11:44:19.379Z", "user": 1, "content_type": 9, "object_id": "232", "object_repr": "Cheese (kaloian)", "action_flag": 3, "change_message": ""}}, {"model": "admin.logentry", "pk": 68, "fields": {"action_time": "2023-07-26T11:44:19.389Z", "user": 1, "content_type": 9, "object_id": "231", "object_repr": "Cheese (kaloian)", "action_flag": 3, "change_message": ""}}, {"model": "admin.logentry", "pk": 69, "fields": {"action_time": "2023-07-26T11:44:19.398Z", "user": 1, "content_type": 9, "object_id": "230", "object_repr": "Cheese (kaloian)", "action_flag": 3, "change_message": ""}}, {"model": "admin.logentry", "pk": 70, "fields": {"action_time": "2023-07-26T11:44:19.406Z", "user": 1, "content_type": 9, "object_id": "229", "object_repr": "Cheese (kaloian)", "action_flag": 3, "change_message": ""}}, {"model": "admin.logentry", "pk": 71, "fields": {"action_time": "2023-07-26T11:44:19.416Z", "user": 1, "content_type": 9, "object_id": "228", "object_repr": "Cheese (kaloian)", "action_flag": 3, "change_message": ""}}, {"model": "admin.logentry", "pk": 72, "fields": {"action_time": "2023-07-26T11:44:19.424Z", "user": 1, "content_type": 9, "object_id": "227", "object_repr": "Cheese (kaloian)", "action_flag": 3, "change_message": ""}}, {"model": "admin.logentry", "pk": 73, "fields": {"action_time": "2023-07-26T11:44:19.431Z", "user": 1, "content_type": 9, "object_id": "226", "object_repr": "Cheese (kaloian)", "action_flag": 3, "change_message": ""}}, {"model": "admin.logentry", "pk": 74, "fields": {"action_time": "2023-07-26T11:44:19.437Z", "user": 1, "content_type": 9, "object_id": "225", "object_repr": "Cheese (kaloian)", "action_flag": 3, "change_message": ""}}, {"model": "admin.logentry", "pk": 75, "fields": {"action_time": "2023-07-26T11:44:19.444Z", "user": 1, "content_type": 9, "object_id": "224", "object_repr": "Cheese (kaloian)", "action_flag": 3, "change_message": ""}}, {"model": "admin.logentry", "pk": 76, "fields": {"action_time": "2023-07-26T11:45:02.771Z", "user": 1, "content_type": 9, "object_id": "336", "object_repr": "Cheese (kaloian)", "action_flag": 3, "change_message": ""}}, {"model": "admin.logentry", "pk": 77, "fields": {"action_time": "2023-07-26T11:45:02.786Z", "user": 1, "content_type": 9, "object_id": "335", "object_repr": "Cheese (kaloian)", "action_flag": 3, "change_message": ""}}, {"model": "admin.logentry", "pk": 78, "fields": {"action_time": "2023-07-26T11:45:02.791Z", "user": 1, "content_type": 9, "object_id": "334", "object_repr": "Cheese (kaloian)", "action_flag": 3, "change_message": ""}}, {"model": "admin.logentry", "pk": 79, "fields": {"action_time": "2023-07-26T11:45:02.796Z", "user": 1, "content_type": 9, "object_id": "333", "object_repr": "Cheese (kaloian)", "action_flag": 3, "change_message": ""}}, {"model": "admin.logentry", "pk": 80, "fields": {"action_time": "2023-07-26T11:45:02.801Z", "user": 1, "content_type": 9, "object_id": "332", "object_repr": "Cheese (kaloian)", "action_flag": 3, "change_message": ""}}, {"model": "admin.logentry", "pk": 81, "fields": {"action_time": "2023-07-26T11:45:02.809Z", "user": 1, "content_type": 9, "object_id": "331", "object_repr": "Cheese (kaloian)", "action_flag": 3, "change_message": ""}}, {"model": "admin.logentry", "pk": 82, "fields": {"action_time": "2023-07-26T11:45:02.815Z", "user": 1, "content_type": 9, "object_id": "330", "object_repr": "Cheese (kaloian)", "action_flag": 3, "change_message": ""}}, {"model": "admin.logentry", "pk": 83, "fields": {"action_time": "2023-07-26T11:45:02.822Z", "user": 1, "content_type": 9, "object_id": "329", "object_repr": "Cheese (kaloian)", "action_flag": 3, "change_message": ""}}, {"model": "admin.logentry", "pk": 84, "fields": {"action_time": "2023-07-26T11:45:02.828Z", "user": 1, "content_type": 9, "object_id": "328", "object_repr": "Cheese (kaloian)", "action_flag": 3, "change_message": ""}}, {"model": "admin.logentry", "pk": 85, "fields": {"action_time": "2023-07-26T11:45:02.834Z", "user": 1, "content_type": 9, "object_id": "327", "object_repr": "Cheese (kaloian)", "action_flag": 3, "change_message": ""}}, {"model": "admin.logentry", "pk": 86, "fields": {"action_time": "2023-07-26T11:45:02.840Z", "user": 1, "content_type": 9, "object_id": "326", "object_repr": "Cheese (kaloian)", "action_flag": 3, "change_message": ""}}, {"model": "admin.logentry", "pk": 87, "fields": {"action_time": "2023-07-26T11:45:02.846Z", "user": 1, "content_type": 9, "object_id": "325", "object_repr": "Cheese (kaloian)", "action_flag": 3, "change_message": ""}}, {"model": "admin.logentry", "pk": 88, "fields": {"action_time": "2023-07-26T11:45:02.852Z", "user": 1, "content_type": 9, "object_id": "324", "object_repr": "Cheese (kaloian)", "action_flag": 3, "change_message": ""}}, {"model": "admin.logentry", "pk": 89, "fields": {"action_time": "2023-07-26T11:45:02.856Z", "user": 1, "content_type": 9, "object_id": "323", "object_repr": "Cheese (kaloian)", "action_flag": 3, "change_message": ""}}, {"model": "admin.logentry", "pk": 90, "fields": {"action_time": "2023-07-26T11:45:02.861Z", "user": 1, "content_type": 9, "object_id": "322", "object_repr": "Cheese (kaloian)", "action_flag": 3, "change_message": ""}}, {"model": "admin.logentry", "pk": 91, "fields": {"action_time": "2023-07-26T11:45:02.865Z", "user": 1, "content_type": 9, "object_id": "321", "object_repr": "Cheese (kaloian)", "action_flag": 3, "change_message": ""}}, {"model": "admin.logentry", "pk": 92, "fields": {"action_time": "2023-07-26T11:45:02.869Z", "user": 1, "content_type": 9, "object_id": "320", "object_repr": "Cheese (kaloian)", "action_flag": 3, "change_message": ""}}, {"model": "admin.logentry", "pk": 93, "fields": {"action_time": "2023-07-26T11:45:02.874Z", "user": 1, "content_type": 9, "object_id": "319", "object_repr": "Cheese (kaloian)", "action_flag": 3, "change_message": ""}}, {"model": "admin.logentry", "pk": 94, "fields": {"action_time": "2023-07-26T11:45:02.879Z", "user": 1, "content_type": 9, "object_id": "318", "object_repr": "Cheese (kaloian)", "action_flag": 3, "change_message": ""}}, {"model": "admin.logentry", "pk": 95, "fields": {"action_time": "2023-07-26T11:45:02.883Z", "user": 1, "content_type": 9, "object_id": "317", "object_repr": "Cheese (kaloian)", "action_flag": 3, "change_message": ""}}, {"model": "admin.logentry", "pk": 96, "fields": {"action_time": "2023-07-26T11:45:02.888Z", "user": 1, "content_type": 9, "object_id": "316", "object_repr": "Cheese (kaloian)", "action_flag": 3, "change_message": ""}}, {"model": "admin.logentry", "pk": 97, "fields": {"action_time": "2023-07-26T11:45:02.893Z", "user": 1, "content_type": 9, "object_id": "315", "object_repr": "Cheese (kaloian)", "action_flag": 3, "change_message": ""}}, {"model": "admin.logentry", "pk": 98, "fields": {"action_time": "2023-07-26T11:45:02.897Z", "user": 1, "content_type": 9, "object_id": "314", "object_repr": "Cheese (kaloian)", "action_flag": 3, "change_message": ""}}, {"model": "admin.logentry", "pk": 99, "fields": {"action_time": "2023-07-26T11:45:02.901Z", "user": 1, "content_type": 9, "object_id": "313", "object_repr": "Cheese (kaloian)", "action_flag": 3, "change_message": ""}}, {"model": "admin.logentry", "pk": 100, "fields": {"action_time": "2023-07-26T11:45:02.907Z", "user": 1, "content_type": 9, "object_id": "312", "object_repr": "Cheese (kaloian)", "action_flag": 3, "change_message": ""}}, {"model": "admin.logentry", "pk": 101, "fields": {"action_time": "2023-07-26T11:45:02.912Z", "user": 1, "content_type": 9, "object_id": "311", "object_repr": "Cheese (kaloian)", "action_flag": 3, "change_message": ""}}, {"model": "admin.logentry", "pk": 102, "fields": {"action_time": "2023-07-26T11:45:02.918Z", "user": 1, "content_type": 9, "object_id": "310", "object_repr": "Cheese (kaloian)", "action_flag": 3, "change_message": ""}}, {"model": "admin.logentry", "pk": 103, "fields": {"action_time": "2023-07-26T11:45:02.924Z", "user": 1, "content_type": 9, "object_id": "309", "object_repr": "Cheese (kaloian)", "action_flag": 3, "change_message": ""}}, {"model": "admin.logentry", "pk": 104, "fields": {"action_time": "2023-07-26T11:45:02.932Z", "user": 1, "content_type": 9, "object_id": "308", "object_repr": "Cheese (kaloian)", "action_flag": 3, "change_message": ""}}, {"model": "admin.logentry", "pk": 105, "fields": {"action_time": "2023-07-26T11:45:02.936Z", "user": 1, "content_type": 9, "object_id": "307", "object_repr": "Cheese (kaloian)", "action_flag": 3, "change_message": ""}}, {"model": "admin.logentry", "pk": 106, "fields": {"action_time": "2023-07-26T11:45:02.943Z", "user": 1, "content_type": 9, "object_id": "306", "object_repr": "Cheese (kaloian)", "action_flag": 3, "change_message": ""}}, {"model": "admin.logentry", "pk": 107, "fields": {"action_time": "2023-07-26T11:45:02.947Z", "user": 1, "content_type": 9, "object_id": "305", "object_repr": "Cheese (kaloian)", "action_flag": 3, "change_message": ""}}, {"model": "admin.logentry", "pk": 108, "fields": {"action_time": "2023-07-26T11:45:02.951Z", "user": 1, "content_type": 9, "object_id": "304", "object_repr": "Cheese (kaloian)", "action_flag": 3, "change_message": ""}}, {"model": "admin.logentry", "pk": 109, "fields": {"action_time": "2023-07-26T11:45:02.957Z", "user": 1, "content_type": 9, "object_id": "303", "object_repr": "Cheese (kaloian)", "action_flag": 3, "change_message": ""}}, {"model": "admin.logentry", "pk": 110, "fields": {"action_time": "2023-07-26T11:45:02.962Z", "user": 1, "content_type": 9, "object_id": "302", "object_repr": "Cheese (kaloian)", "action_flag": 3, "change_message": ""}}, {"model": "admin.logentry", "pk": 111, "fields": {"action_time": "2023-07-26T11:45:02.966Z", "user": 1, "content_type": 9, "object_id": "301", "object_repr": "Cheese (kaloian)", "action_flag": 3, "change_message": ""}}, {"model": "admin.logentry", "pk": 112, "fields": {"action_time": "2023-07-26T11:45:02.971Z", "user": 1, "content_type": 9, "object_id": "300", "object_repr": "Cheese (kaloian)", "action_flag": 3, "change_message": ""}}, {"model": "admin.logentry", "pk": 113, "fields": {"action_time": "2023-07-26T11:45:02.975Z", "user": 1, "content_type": 9, "object_id": "299", "object_repr": "Cheese (kaloian)", "action_flag": 3, "change_message": ""}}, {"model": "admin.logentry", "pk": 114, "fields": {"action_time": "2023-07-26T11:45:02.980Z", "user": 1, "content_type": 9, "object_id": "298", "object_repr": "Cheese (kaloian)", "action_flag": 3, "change_message": ""}}, {"model": "admin.logentry", "pk": 115, "fields": {"action_time": "2023-07-26T11:45:02.984Z", "user": 1, "content_type": 9, "object_id": "297", "object_repr": "Cheese (kaloian)", "action_flag": 3, "change_message": ""}}, {"model": "admin.logentry", "pk": 116, "fields": {"action_time": "2023-07-26T11:45:02.990Z", "user": 1, "content_type": 9, "object_id": "296", "object_repr": "Cheese (kaloian)", "action_flag": 3, "change_message": ""}}, {"model": "admin.logentry", "pk": 117, "fields": {"action_time": "2023-07-26T11:45:02.994Z", "user": 1, "content_type": 9, "object_id": "295", "object_repr": "Cheese (kaloian)", "action_flag": 3, "change_message": ""}}, {"model": "admin.logentry", "pk": 118, "fields": {"action_time": "2023-07-26T11:45:02.999Z", "user": 1, "content_type": 9, "object_id": "294", "object_repr": "Cheese (kaloian)", "action_flag": 3, "change_message": ""}}, {"model": "admin.logentry", "pk": 119, "fields": {"action_time": "2023-07-26T11:45:03.003Z", "user": 1, "content_type": 9, "object_id": "293", "object_repr": "Cheese (kaloian)", "action_flag": 3, "change_message": ""}}, {"model": "admin.logentry", "pk": 120, "fields": {"action_time": "2023-07-26T11:45:03.007Z", "user": 1, "content_type": 9, "object_id": "292", "object_repr": "Cheese (kaloian)", "action_flag": 3, "change_message": ""}}, {"model": "admin.logentry", "pk": 121, "fields": {"action_time": "2023-07-26T11:45:03.014Z", "user": 1, "content_type": 9, "object_id": "291", "object_repr": "Cheese (kaloian)", "action_flag": 3, "change_message": ""}}, {"model": "admin.logentry", "pk": 122, "fields": {"action_time": "2023-07-26T11:45:03.019Z", "user": 1, "content_type": 9, "object_id": "290", "object_repr": "Cheese (kaloian)", "action_flag": 3, "change_message": ""}}, {"model": "admin.logentry", "pk": 123, "fields": {"action_time": "2023-07-26T11:45:03.023Z", "user": 1, "content_type": 9, "object_id": "289", "object_repr": "Cheese (kaloian)", "action_flag": 3, "change_message": ""}}, {"model": "admin.logentry", "pk": 124, "fields": {"action_time": "2023-07-26T11:45:03.027Z", "user": 1, "content_type": 9, "object_id": "288", "object_repr": "Cheese (kaloian)", "action_flag": 3, "change_message": ""}}, {"model": "admin.logentry", "pk": 125, "fields": {"action_time": "2023-07-26T11:45:03.032Z", "user": 1, "content_type": 9, "object_id": "287", "object_repr": "Apizza (kaloian)", "action_flag": 3, "change_message": ""}}, {"model": "admin.logentry", "pk": 126, "fields": {"action_time": "2023-07-26T11:45:03.038Z", "user": 1, "content_type": 9, "object_id": "286", "object_repr": "Cheese (kaloian)", "action_flag": 3, "change_message": ""}}, {"model": "admin.logentry", "pk": 127, "fields": {"action_time": "2023-07-26T11:45:03.043Z", "user": 1, "content_type": 9, "object_id": "285", "object_repr": "Cheese (kaloian)", "action_flag": 3, "change_message": ""}}, {"model": "admin.logentry", "pk": 128, "fields": {"action_time": "2023-07-26T11:45:03.048Z", "user": 1, "content_type": 9, "object_id": "284", "object_repr": "Cheese (kaloian)", "action_flag": 3, "change_message": ""}}, {"model": "admin.logentry", "pk": 129, "fields": {"action_time": "2023-07-26T11:45:03.052Z", "user": 1, "content_type": 9, "object_id": "283", "object_repr": "Cheese (kaloian)", "action_flag": 3, "change_message": ""}}, {"model": "admin.logentry", "pk": 130, "fields": {"action_time": "2023-07-26T11:45:03.057Z", "user": 1, "content_type": 9, "object_id": "282", "object_repr": "Cheese (kaloian)", "action_flag": 3, "change_message": ""}}, {"model": "admin.logentry", "pk": 131, "fields": {"action_time": "2023-07-26T11:45:03.061Z", "user": 1, "content_type": 9, "object_id": "281", "object_repr": "Cheese (kaloian)", "action_flag": 3, "change_message": ""}}, {"model": "admin.logentry", "pk": 132, "fields": {"action_time": "2023-07-26T11:45:03.068Z", "user": 1, "content_type": 9, "object_id": "280", "object_repr": "Cheese (kaloian)", "action_flag": 3, "change_message": ""}}, {"model": "admin.logentry", "pk": 133, "fields": {"action_time": "2023-07-26T11:45:03.074Z", "user": 1, "content_type": 9, "object_id": "279", "object_repr": "Cheese (kaloian)", "action_flag": 3, "change_message": ""}}, {"model": "admin.logentry", "pk": 134, "fields": {"action_time": "2023-07-26T11:45:03.079Z", "user": 1, "content_type": 9, "object_id": "278", "object_repr": "Cheese (kaloian)", "action_flag": 3, "change_message": ""}}, {"model": "admin.logentry", "pk": 135, "fields": {"action_time": "2023-07-26T11:45:03.084Z", "user": 1, "content_type": 9, "object_id": "277", "object_repr": "Cheese (kaloian)", "action_flag": 3, "change_message": ""}}, {"model": "admin.logentry", "pk": 136, "fields": {"action_time": "2023-07-26T11:45:03.089Z", "user": 1, "content_type": 9, "object_id": "276", "object_repr": "Cheese (kaloian)", "action_flag": 3, "change_message": ""}}, {"model": "admin.logentry", "pk": 137, "fields": {"action_time": "2023-07-26T11:45:03.093Z", "user": 1, "content_type": 9, "object_id": "275", "object_repr": "Cheese (kaloian)", "action_flag": 3, "change_message": ""}}, {"model": "admin.logentry", "pk": 138, "fields": {"action_time": "2023-07-26T11:45:03.098Z", "user": 1, "content_type": 9, "object_id": "274", "object_repr": "Cheese (kaloian)", "action_flag": 3, "change_message": ""}}, {"model": "admin.logentry", "pk": 139, "fields": {"action_time": "2023-07-26T11:45:03.103Z", "user": 1, "content_type": 9, "object_id": "273", "object_repr": "Cheese (kaloian)", "action_flag": 3, "change_message": ""}}, {"model": "admin.logentry", "pk": 140, "fields": {"action_time": "2023-07-26T11:45:03.108Z", "user": 1, "content_type": 9, "object_id": "272", "object_repr": "Cheese (kaloian)", "action_flag": 3, "change_message": ""}}, {"model": "admin.logentry", "pk": 141, "fields": {"action_time": "2023-07-26T11:45:03.114Z", "user": 1, "content_type": 9, "object_id": "271", "object_repr": "Cheese (kaloian)", "action_flag": 3, "change_message": ""}}, {"model": "admin.logentry", "pk": 142, "fields": {"action_time": "2023-07-26T11:45:03.119Z", "user": 1, "content_type": 9, "object_id": "270", "object_repr": "Cheese (kaloian)", "action_flag": 3, "change_message": ""}}, {"model": "admin.logentry", "pk": 143, "fields": {"action_time": "2023-07-26T11:45:03.123Z", "user": 1, "content_type": 9, "object_id": "269", "object_repr": "Cheese (kaloian)", "action_flag": 3, "change_message": ""}}, {"model": "admin.logentry", "pk": 144, "fields": {"action_time": "2023-07-26T11:45:03.128Z", "user": 1, "content_type": 9, "object_id": "268", "object_repr": "Cheese (kaloian)", "action_flag": 3, "change_message": ""}}, {"model": "admin.logentry", "pk": 145, "fields": {"action_time": "2023-07-26T11:45:03.132Z", "user": 1, "content_type": 9, "object_id": "267", "object_repr": "Cheese (kaloian)", "action_flag": 3, "change_message": ""}}, {"model": "admin.logentry", "pk": 146, "fields": {"action_time": "2023-07-26T11:45:03.137Z", "user": 1, "content_type": 9, "object_id": "266", "object_repr": "Cheese (kaloian)", "action_flag": 3, "change_message": ""}}, {"model": "admin.logentry", "pk": 147, "fields": {"action_time": "2023-07-26T11:45:03.142Z", "user": 1, "content_type": 9, "object_id": "265", "object_repr": "Cheese (kaloian)", "action_flag": 3, "change_message": ""}}, {"model": "admin.logentry", "pk": 148, "fields": {"action_time": "2023-07-26T11:45:03.145Z", "user": 1, "content_type": 9, "object_id": "264", "object_repr": "Cheese (kaloian)", "action_flag": 3, "change_message": ""}}, {"model": "admin.logentry", "pk": 149, "fields": {"action_time": "2023-07-26T11:45:03.150Z", "user": 1, "content_type": 9, "object_id": "263", "object_repr": "Cheese (kaloian)", "action_flag": 3, "change_message": ""}}, {"model": "admin.logentry", "pk": 150, "fields": {"action_time": "2023-07-26T11:45:03.155Z", "user": 1, "content_type": 9, "object_id": "262", "object_repr": "Cheese (kaloian)", "action_flag": 3, "change_message": ""}}, {"model": "admin.logentry", "pk": 151, "fields": {"action_time": "2023-07-26T11:45:03.158Z", "user": 1, "content_type": 9, "object_id": "261", "object_repr": "Cheese (kaloian)", "action_flag": 3, "change_message": ""}}, {"model": "admin.logentry", "pk": 152, "fields": {"action_time": "2023-07-26T11:45:03.164Z", "user": 1, "content_type": 9, "object_id": "260", "object_repr": "Cheese (kaloian)", "action_flag": 3, "change_message": ""}}, {"model": "admin.logentry", "pk": 153, "fields": {"action_time": "2023-07-26T11:45:03.170Z", "user": 1, "content_type": 9, "object_id": "259", "object_repr": "Cheese (kaloian)", "action_flag": 3, "change_message": ""}}, {"model": "admin.logentry", "pk": 154, "fields": {"action_time": "2023-07-26T11:45:03.175Z", "user": 1, "content_type": 9, "object_id": "258", "object_repr": "Cheese (kaloian)", "action_flag": 3, "change_message": ""}}, {"model": "admin.logentry", "pk": 155, "fields": {"action_time": "2023-07-26T11:45:03.180Z", "user": 1, "content_type": 9, "object_id": "257", "object_repr": "Cheese (kaloian)", "action_flag": 3, "change_message": ""}}, {"model": "admin.logentry", "pk": 156, "fields": {"action_time": "2023-07-26T11:45:03.185Z", "user": 1, "content_type": 9, "object_id": "256", "object_repr": "Cheese (kaloian)", "action_flag": 3, "change_message": ""}}, {"model": "admin.logentry", "pk": 157, "fields": {"action_time": "2023-07-26T11:45:03.189Z", "user": 1, "content_type": 9, "object_id": "255", "object_repr": "Cheese (kaloian)", "action_flag": 3, "change_message": ""}}, {"model": "admin.logentry", "pk": 158, "fields": {"action_time": "2023-07-26T11:45:03.194Z", "user": 1, "content_type": 9, "object_id": "254", "object_repr": "Cheese (kaloian)", "action_flag": 3, "change_message": ""}}, {"model": "admin.logentry", "pk": 159, "fields": {"action_time": "2023-07-26T11:45:03.198Z", "user": 1, "content_type": 9, "object_id": "253", "object_repr": "Cheese (kaloian)", "action_flag": 3, "change_message": ""}}, {"model": "admin.logentry", "pk": 160, "fields": {"action_time": "2023-07-26T11:45:03.202Z", "user": 1, "content_type": 9, "object_id": "252", "object_repr": "Cheese (kaloian)", "action_flag": 3, "change_message": ""}}, {"model": "admin.logentry", "pk": 161, "fields": {"action_time": "2023-07-26T11:45:03.208Z", "user": 1, "content_type": 9, "object_id": "251", "object_repr": "Cheese (kaloian)", "action_flag": 3, "change_message": ""}}, {"model": "admin.logentry", "pk": 162, "fields": {"action_time": "2023-07-26T11:45:03.213Z", "user": 1, "content_type": 9, "object_id": "250", "object_repr": "Cheese (kaloian)", "action_flag": 3, "change_message": ""}}, {"model": "admin.logentry", "pk": 163, "fields": {"action_time": "2023-07-26T11:45:03.217Z", "user": 1, "content_type": 9, "object_id": "249", "object_repr": "Cheese (kaloian)", "action_flag": 3, "change_message": ""}}, {"model": "admin.logentry", "pk": 164, "fields": {"action_time": "2023-07-26T11:45:03.221Z", "user": 1, "content_type": 9, "object_id": "248", "object_repr": "Cheese (kaloian)", "action_flag": 3, "change_message": ""}}, {"model": "admin.logentry", "pk": 165, "fields": {"action_time": "2023-07-26T11:45:03.227Z", "user": 1, "content_type": 9, "object_id": "247", "object_repr": "Cheese (kaloian)", "action_flag": 3, "change_message": ""}}, {"model": "admin.logentry", "pk": 166, "fields": {"action_time": "2023-07-26T11:45:03.232Z", "user": 1, "content_type": 9, "object_id": "246", "object_repr": "Cheese (kaloian)", "action_flag": 3, "change_message": ""}}, {"model": "admin.logentry", "pk": 167, "fields": {"action_time": "2023-07-26T11:45:03.237Z", "user": 1, "content_type": 9, "object_id": "245", "object_repr": "Cheese (kaloian)", "action_flag": 3, "change_message": ""}}, {"model": "admin.logentry", "pk": 168, "fields": {"action_time": "2023-07-26T11:45:03.241Z", "user": 1, "content_type": 9, "object_id": "244", "object_repr": "Cheese (kaloian)", "action_flag": 3, "change_message": ""}}, {"model": "admin.logentry", "pk": 169, "fields": {"action_time": "2023-07-26T11:45:03.245Z", "user": 1, "content_type": 9, "object_id": "243", "object_repr": "Cheese (kaloian)", "action_flag": 3, "change_message": ""}}, {"model": "admin.logentry", "pk": 170, "fields": {"action_time": "2023-07-26T11:45:03.250Z", "user": 1, "content_type": 9, "object_id": "242", "object_repr": "Cheese (kaloian)", "action_flag": 3, "change_message": ""}}, {"model": "admin.logentry", "pk": 171, "fields": {"action_time": "2023-07-26T11:45:03.255Z", "user": 1, "content_type": 9, "object_id": "241", "object_repr": "Cheese (kaloian)", "action_flag": 3, "change_message": ""}}, {"model": "admin.logentry", "pk": 172, "fields": {"action_time": "2023-07-26T11:45:03.259Z", "user": 1, "content_type": 9, "object_id": "240", "object_repr": "Cheese (kaloian)", "action_flag": 3, "change_message": ""}}, {"model": "admin.logentry", "pk": 173, "fields": {"action_time": "2023-07-26T11:45:03.264Z", "user": 1, "content_type": 9, "object_id": "239", "object_repr": "Cheese (kaloian)", "action_flag": 3, "change_message": ""}}, {"model": "admin.logentry", "pk": 174, "fields": {"action_time": "2023-07-26T11:45:03.269Z", "user": 1, "content_type": 9, "object_id": "238", "object_repr": "Cheese (kaloian)", "action_flag": 3, "change_message": ""}}, {"model": "admin.logentry", "pk": 175, "fields": {"action_time": "2023-07-26T11:45:03.273Z", "user": 1, "content_type": 9, "object_id": "237", "object_repr": "Cheese (kaloian)", "action_flag": 3, "change_message": ""}}, {"model": "admin.logentry", "pk": 176, "fields": {"action_time": "2023-07-26T21:17:05.882Z", "user": 1, "content_type": 15, "object_id": "1", "object_repr": "ProductImage object (1)", "action_flag": 1, "change_message": "[{\"added\": {}}]"}}, {"model": "admin.logentry", "pk": 177, "fields": {"action_time": "2023-07-26T21:23:01.034Z", "user": 1, "content_type": 15, "object_id": "2", "object_repr": "ProductImage object (2)", "action_flag": 1, "change_message": "[{\"added\": {}}]"}}, {"model": "admin.logentry", "pk": 178, "fields": {"action_time": "2023-07-26T21:23:50.259Z", "user": 1, "content_type": 15, "object_id": "3", "object_repr": "ProductImage object (3)", "action_flag": 1, "change_message": "[{\"added\": {}}]"}}, {"model": "admin.logentry", "pk": 179, "fields": {"action_time": "2023-07-26T21:25:20.888Z", "user": 1, "content_type": 15, "object_id": "4", "object_repr": "static/images/products/download.jpg", "action_flag": 1, "change_message": "[{\"added\": {}}]"}}, {"model": "admin.logentry", "pk": 180, "fields": {"action_time": "2023-07-27T14:49:05.332Z", "user": 1, "content_type": 15, "object_id": "5", "object_repr": "static/images/products/delish-cpk-julia-2-1533651476.jpg", "action_flag": 1, "change_message": "[{\"added\": {}}]"}}, {"model": "admin.logentry", "pk": 181, "fields": {"action_time": "2023-07-27T14:49:57.133Z", "user": 1, "content_type": 15, "object_id": "6", "object_repr": "static/images/products/2-trimark-robert-clark-cpk-restaurant-installation.jpg", "action_flag": 1, "change_message": "[{\"added\": {}}]"}}, {"model": "admin.logentry", "pk": 182, "fields": {"action_time": "2023-07-27T14:51:30.826Z", "user": 1, "content_type": 15, "object_id": "7", "object_repr": "static/images/products/istockphoto-876550728-170667a.jpg", "action_flag": 1, "change_message": "[{\"added\": {}}]"}}, {"model": "admin.logentry", "pk": 183, "fields": {"action_time": "2023-07-27T14:52:18.115Z", "user": 1, "content_type": 15, "object_id": "8", "object_repr": "static/images/products/designs-varuninapoli.jpg", "action_flag": 1, "change_message": "[{\"added\": {}}]"}}, {"model": "admin.logentry", "pk": 184, "fields": {"action_time": "2023-07-27T14:53:34.885Z", "user": 1, "content_type": 15, "object_id": "9", "object_repr": "static/images/products/content-img-422x.f71e539.e510565e9a4e37f4885319be50fcdf30.jpg", "action_flag": 1, "change_message": "[{\"added\": {}}]"}}, {"model": "admin.logentry", "pk": 185, "fields": {"action_time": "2023-07-27T14:54:16.966Z", "user": 1, "content_type": 15, "object_id": "10", "object_repr": "static/images/products/download_b53KnQq.jpg", "action_flag": 1, "change_message": "[{\"added\": {}}]"}}, {"model": "admin.logentry", "pk": 186, "fields": {"action_time": "2023-07-27T14:54:38.712Z", "user": 1, "content_type": 15, "object_id": "11", "object_repr": "static/images/products/AZ-with-Peter-Campbell-1-1600x800.jpg", "action_flag": 1, "change_message": "[{\"added\": {}}]"}}, {"model": "admin.logentry", "pk": 187, "fields": {"action_time": "2023-07-29T17:19:25.365Z", "user": 1, "content_type": 8, "object_id": "7", "object_repr": "BBQ Chicken", "action_flag": 2, "change_message": "[{\"changed\": {\"fields\": [\"Price\"]}}]"}}, {"model": "admin.logentry", "pk": 188, "fields": {"action_time": "2023-07-29T17:21:31.919Z", "user": 1, "content_type": 8, "object_id": "9", "object_repr": "Buffalo", "action_flag": 2, "change_message": "[{\"changed\": {\"fields\": [\"Price\"]}}]"}}, {"model": "admin.logentry", "pk": 189, "fields": {"action_time": "2023-07-29T17:21:39.899Z", "user": 1, "content_type": 8, "object_id": "6", "object_repr": "Margherita", "action_flag": 2, "change_message": "[{\"changed\": {\"fields\": [\"Price\"]}}]"}}, {"model": "admin.logentry", "pk": 190, "fields": {"action_time": "2023-07-29T17:21:46.307Z", "user": 1, "content_type": 8, "object_id": "11", "object_repr": "The Works", "action_flag": 2, "change_message": "[{\"changed\": {\"fields\": [\"Price\"]}}]"}}, {"model": "admin.logentry", "pk": 191, "fields": {"action_time": "2023-07-29T17:21:53.862Z", "user": 1, "content_type": 8, "object_id": "3", "object_repr": "Veggie", "action_flag": 2, "change_message": "[{\"changed\": {\"fields\": [\"Price\"]}}]"}}, {"model": "admin.logentry", "pk": 192, "fields": {"action_time": "2023-07-29T17:22:08.329Z", "user": 1, "content_type": 8, "object_id": "13", "object_repr": "Italian", "action_flag": 2, "change_message": "[{\"changed\": {\"fields\": [\"Price\"]}}]"}}, {"model": "admin.logentry", "pk": 193, "fields": {"action_time": "2023-07-29T17:23:49.922Z", "user": 1, "content_type": 8, "object_id": "14", "object_repr": "All Pala", "action_flag": 2, "change_message": "[{\"changed\": {\"fields\": [\"Price\"]}}]"}}, {"model": "admin.logentry", "pk": 194, "fields": {"action_time": "2023-07-29T17:23:55.469Z", "user": 1, "content_type": 8, "object_id": "15", "object_repr": "Apizza", "action_flag": 2, "change_message": "[{\"changed\": {\"fields\": [\"Price\"]}}]"}}, {"model": "admin.logentry", "pk": 195, "fields": {"action_time": "2023-07-29T17:24:01.332Z", "user": 1, "content_type": 8, "object_id": "7", "object_repr": "BBQ Chicken", "action_flag": 2, "change_message": "[{\"changed\": {\"fields\": [\"Price\"]}}]"}}, {"model": "admin.logentry", "pk": 196, "fields": {"action_time": "2023-07-29T17:24:07.332Z", "user": 1, "content_type": 8, "object_id": "9", "object_repr": "Buffalo", "action_flag": 2, "change_message": "[{\"changed\": {\"fields\": [\"Price\"]}}]"}}, {"model": "admin.logentry", "pk": 197, "fields": {"action_time": "2023-07-29T17:24:19.088Z", "user": 1, "content_type": 8, "object_id": "2", "object_repr": "Cheese", "action_flag": 2, "change_message": "[{\"changed\": {\"fields\": [\"Price\"]}}]"}}, {"model": "admin.logentry", "pk": 198, "fields": {"action_time": "2023-07-29T17:24:27.392Z", "user": 1, "content_type": 8, "object_id": "8", "object_repr": "Hawaiian", "action_flag": 2, "change_message": "[{\"changed\": {\"fields\": [\"Price\"]}}]"}}, {"model": "admin.logentry", "pk": 199, "fields": {"action_time": "2023-07-29T17:24:32.538Z", "user": 1, "content_type": 8, "object_id": "13", "object_repr": "Italian", "action_flag": 2, "change_message": "[{\"changed\": {\"fields\": [\"Price\"]}}]"}}, {"model": "admin.logentry", "pk": 200, "fields": {"action_time": "2023-07-29T17:24:58.721Z", "user": 1, "content_type": 8, "object_id": "6", "object_repr": "Margherita", "action_flag": 2, "change_message": "[{\"changed\": {\"fields\": [\"Price\"]}}]"}}, {"model": "admin.logentry", "pk": 201, "fields": {"action_time": "2023-07-29T17:25:06.047Z", "user": 1, "content_type": 8, "object_id": "5", "object_repr": "Meat", "action_flag": 2, "change_message": "[{\"changed\": {\"fields\": [\"Price\"]}}]"}}, {"model": "admin.logentry", "pk": 202, "fields": {"action_time": "2023-07-29T17:25:13.617Z", "user": 1, "content_type": 8, "object_id": "4", "object_repr": "Pepperoni", "action_flag": 2, "change_message": "[{\"changed\": {\"fields\": [\"Price\"]}}]"}}, {"model": "admin.logentry", "pk": 203, "fields": {"action_time": "2023-07-29T17:25:20.861Z", "user": 1, "content_type": 8, "object_id": "10", "object_repr": "Supreme", "action_flag": 2, "change_message": "[{\"changed\": {\"fields\": [\"Price\"]}}]"}}, {"model": "admin.logentry", "pk": 204, "fields": {"action_time": "2023-07-29T17:25:31.049Z", "user": 1, "content_type": 8, "object_id": "11", "object_repr": "The Works", "action_flag": 2, "change_message": "[]"}}, {"model": "admin.logentry", "pk": 205, "fields": {"action_time": "2023-07-30T19:41:51.810Z", "user": 1, "content_type": 3, "object_id": "1", "object_repr": "default", "action_flag": 1, "change_message": "[{\"added\": {}}]"}}, {"model": "admin.logentry", "pk": 206, "fields": {"action_time": "2023-08-01T20:26:00.435Z", "user": 1, "content_type": 3, "object_id": "1", "object_repr": "default", "action_flag": 2, "change_message": "[]"}}, {"model": "admin.logentry", "pk": 207, "fields": {"action_time": "2023-08-01T20:28:01.771Z", "user": 1, "content_type": 4, "object_id": "23", "object_repr": "TestUser1", "action_flag": 2, "change_message": "[]"}}, {"model": "admin.logentry", "pk": 208, "fields": {"action_time": "2023-08-01T20:35:47.255Z", "user": 1, "content_type": 3, "object_id": "1", "object_repr": "default", "action_flag": 3, "change_message": ""}}, {"model": "admin.logentry", "pk": 209, "fields": {"action_time": "2023-08-03T18:30:16.716Z", "user": 1, "content_type": 3, "object_id": "2", "object_repr": "order_staff", "action_flag": 1, "change_message": "[{\"added\": {}}]"}}, {"model": "admin.logentry", "pk": 210, "fields": {"action_time": "2023-08-03T18:32:45.408Z", "user": 1, "content_type": 3, "object_id": "3", "object_repr": "offer", "action_flag": 1, "change_message": "[{\"added\": {}}]"}}, {"model": "admin.logentry", "pk": 211, "fields": {"action_time": "2023-08-03T18:33:21.814Z", "user": 1, "content_type": 3, "object_id": "3", "object_repr": "settings_staff", "action_flag": 2, "change_message": "[{\"changed\": {\"fields\": [\"Name\"]}}]"}}, {"model": "admin.logentry", "pk": 212, "fields": {"action_time": "2023-08-03T18:34:25.607Z", "user": 1, "content_type": 3, "object_id": "3", "object_repr": "settings_staff", "action_flag": 2, "change_message": "[{\"changed\": {\"fields\": [\"Permissions\"]}}]"}}, {"model": "admin.logentry", "pk": 213, "fields": {"action_time": "2023-08-03T18:35:01.544Z", "user": 1, "content_type": 3, "object_id": "3", "object_repr": "settings_staff", "action_flag": 2, "change_message": "[]"}}, {"model": "admin.logentry", "pk": 214, "fields": {"action_time": "2023-08-03T18:35:17.145Z", "user": 1, "content_type": 3, "object_id": "4", "object_repr": "full_staff", "action_flag": 1, "change_message": "[{\"added\": {}}]"}}, {"model": "admin.logentry", "pk": 215, "fields": {"action_time": "2023-08-03T18:38:32.691Z", "user": 1, "content_type": 3, "object_id": "4", "object_repr": "full_staff", "action_flag": 2, "change_message": "[{\"changed\": {\"fields\": [\"Permissions\"]}}]"}}, {"model": "admin.logentry", "pk": 216, "fields": {"action_time": "2023-08-03T18:45:57.505Z", "user": 1, "content_type": 3, "object_id": "2", "object_repr": "order_staff", "action_flag": 2, "change_message": "[{\"changed\": {\"fields\": [\"Permissions\"]}}]"}}, {"model": "admin.logentry", "pk": 217, "fields": {"action_time": "2023-08-03T18:46:17.022Z", "user": 1, "content_type": 3, "object_id": "4", "object_repr": "full_staff", "action_flag": 2, "change_message": "[{\"changed\": {\"fields\": [\"Permissions\"]}}]"}}, {"model": "admin.logentry", "pk": 218, "fields": {"action_time": "2023-08-03T18:53:08.258Z", "user": 1, "content_type": 4, "object_id": "27", "object_repr": "Atanas", "action_flag": 2, "change_message": "[{\"changed\": {\"fields\": [\"Staff status\", \"Groups\"]}}]"}}, {"model": "admin.logentry", "pk": 219, "fields": {"action_time": "2023-08-03T18:54:55.820Z", "user": 1, "content_type": 4, "object_id": "26", "object_repr": "Pesho", "action_flag": 2, "change_message": "[{\"changed\": {\"fields\": [\"Staff status\", \"Groups\"]}}]"}}, {"model": "admin.logentry", "pk": 220, "fields": {"action_time": "2023-08-03T18:55:16.555Z", "user": 1, "content_type": 4, "object_id": "25", "object_repr": "Mitko", "action_flag": 2, "change_message": "[{\"changed\": {\"fields\": [\"Staff status\", \"Groups\"]}}]"}}, {"model": "auth.group", "pk": 2, "fields": {"name": "order_staff", "permissions": [42, 44]}}, {"model": "auth.group", "pk": 3, "fields": {"name": "settings_staff", "permissions": [16, 33, 34, 35, 36, 45, 46, 47, 48, 49, 50, 51, 52, 44, 29, 30, 31, 32]}}, {"model": "auth.group", "pk": 4, "fields": {"name": "full_staff", "permissions": [16, 33, 34, 35, 36, 45, 46, 47, 48, 49, 50, 51, 52, 42, 44, 29, 30, 31, 32]}}, {"model": "auth.user", "pk": 1, "fields": {"password": "pbkdf2_sha256$390000$tBBeHDoElkGcGYSIh3CNXi$gnGsScRwqer8+SXHHHiuf8/krFeG+riCUoHthkeD9FE=", "last_login": "2023-08-05T13:42:16.491Z", "is_superuser": true, "username": "kaloian", "first_name": "Kaloyan", "last_name": "Dimitrov", "email": "kalotablet2006@gmail.com", "is_staff": true, "is_active": true, "date_joined": "2023-07-05T11:05:18.246Z", "groups": [], "user_permissions": []}}, {"model": "auth.user", "pk": 4, "fields": {"password": "pbkdf2_sha256$390000$1qo9mg6Tt5cp5m6cJjmYog$ma8Nk0YNOEcEnsbmuL0mQsa/TttXUm9AU+ffCp5VWjM=", "last_login": "2023-07-06T14:23:44.076Z", "is_superuser": false, "username": "Gosh40404040404", "first_name": "", "last_name": "", "email": "georgidimitrov@gmail.com", "is_staff": false, "is_active": true, "date_joined": "2023-07-05T17:11:30Z", "groups": [], "user_permissions": []}}, {"model": "auth.user", "pk": 7, "fields": {"password": "pbkdf2_sha256$390000$TVGwVrGoOgdfm5DEk1tlSH$dXYQ1N1iBq7nJ9XAyCoXjvhZrKq9f+AN/BcADc0mrh4=", "last_login": null, "is_superuser": false, "username": "Gayimdontjudje", "first_name": "", "last_name": "", "email": "gayim@gmail.com", "is_staff": false, "is_active": true, "date_joined": "2023-07-06T14:36:48.911Z", "groups": [], "user_permissions": []}}, {"model": "auth.user", "pk": 8, "fields": {"password": "pbkdf2_sha256$390000$BtyyoL1wC72Vp6nN1IUKA1$S+90SKysoiHpjRTKTL2dxHylKBx44LB6Znl4n/TIqH8=", "last_login": "2023-07-06T14:38:39.066Z", "is_superuser": false, "username": "Kaloyan16", "first_name": "", "last_name": "", "email": "kaloyandimitrov06@gmail.com", "is_staff": false, "is_active": true, "date_joined": "2023-07-06T14:38:33.579Z", "groups": [], "user_permissions": []}}, {"model": "auth.user", "pk": 9, "fields": {"password": "pbkdf2_sha256$390000$a26ZpTQLtSt6CLJrZFdkRZ$H1d8BBn/xdR7XnBrfkT1av1ulDzdlE3aEDiUWSOmLbQ=", "last_login": "2023-07-06T14:41:24.376Z", "is_superuser": false, "username": "Kaloyan14", "first_name": "", "last_name": "", "email": "kaloyandimitrov12@gmail.com", "is_staff": false, "is_active": true, "date_joined": "2023-07-06T14:41:19.665Z", "groups": [], "user_permissions": []}}, {"model": "auth.user", "pk": 10, "fields": {"password": "pbkdf2_sha256$390000$56vjvnHf3k4yxCwdnJh5me$UtUnjED21uWW0JG7JSG9+a5BCXUK27O0H9JeCXyWrk0=", "last_login": "2023-07-06T14:44:05.261Z", "is_superuser": false, "username": "Kaloyan11", "first_name": "", "last_name": "", "email": "kaloyandimitrov11@gmail.com", "is_staff": false, "is_active": true, "date_joined": "2023-07-06T14:43:58.131Z", "groups": [], "user_permissions": []}}, {"model": "auth.user", "pk": 11, "fields": {"password": "pbkdf2_sha256$390000$YtHduc6jRhwDHsCE7OL86l$RTYQhm7urqnbmOBa/kBdWnMtgJpQ874nDB2UaR9zMXQ=", "last_login": "2023-07-06T14:51:41.487Z", "is_superuser": false, "username": "Gosho11G", "first_name": "", "last_name": "", "email": "Goshodimitrov11@gmail.com", "is_staff": false, "is_active": true, "date_joined": "2023-07-06T14:51:35.383Z", "groups": [], "user_permissions": []}}, {"model": "auth.user", "pk": 12, "fields": {"password": "pbkdf2_sha256$390000$voE2iAlkNpF0KaApU2IntT$pIBHXM/+oABhSYiamOfTqgJctPwVqbA3yvWh3OnLNb8=", "last_login": "2023-07-06T15:55:32.908Z", "is_superuser": false, "username": "GoshoWorks", "first_name": "Georgi", "last_name": "Dimkov", "email": "goshodimitrov11@gmail.com", "is_staff": false, "is_active": true, "date_joined": "2023-07-06T15:11:38.306Z", "groups": [], "user_permissions": []}}, {"model": "auth.user", "pk": 13, "fields": {"password": "pbkdf2_sha256$390000$VPL9lQhgIp8ghx6YAw0qCf$+C4pNizECx2ybA+313XZQExgtczfm6m5oFGX7HE/gVE=", "last_login": "2023-07-09T13:10:16.963Z", "is_superuser": false, "username": "Goshko", "first_name": "", "last_name": "", "email": "goshmipi@gmail.com", "is_staff": false, "is_active": true, "date_joined": "2023-07-09T13:10:04.894Z", "groups": [], "user_permissions": []}}, {"model": "auth.user", "pk": 14, "fields": {"password": "pbkdf2_sha256$390000$w3UI6c3Hfyh6xBY7tBmsnL$AAMQ7cKRnxpCTs4u2PtOHGQc9V7CZ/gPE6M/+NWPEl4=", "last_login": "2023-07-09T18:28:07.727Z", "is_superuser": false, "username": "Georgi", "first_name": "Georgi", "last_name": "Dimitrov", "email": "dimitrovsot@gmail.com", "is_staff": false, "is_active": true, "date_joined": "2023-07-09T18:28:00.222Z", "groups": [], "user_permissions": []}}, {"model": "auth.user", "pk": 15, "fields": {"password": "pbkdf2_sha256$390000$jYEg57HpWmDiYiCSV0FB6m$tQBC6egAjSZgwkNbv35wZAre6Zu7utHARqLx73wu4ic=", "last_login": "2023-07-09T18:38:42.603Z", "is_superuser": false, "username": "Mina", "first_name": "Mina", "last_name": "Dimitrova", "email": "minadimitrova@gmail.com", "is_staff": false, "is_active": true, "date_joined": "2023-07-09T18:38:37.406Z", "groups": [], "user_permissions": []}}, {"model": "auth.user", "pk": 16, "fields": {"password": "pbkdf2_sha256$390000$rMiSyi2INg4dPX78RKlU9Y$/XKEt62wX6RRfCcGAelAuiErMfobReV9J44YN8k8E5k=", "last_login": "2023-07-25T13:23:16.436Z", "is_superuser": false, "username": "ItsMePesho", "first_name": "", "last_name": "", "email": "peshkomeshko@gmail.com", "is_staff": false, "is_active": true, "date_joined": "2023-07-25T13:23:08.500Z", "groups": [], "user_permissions": []}}, {"model": "auth.user", "pk": 17, "fields": {"password": "pbkdf2_sha256$390000$gChWqyYpfYRYQyFCyb3ZVc$9Lko0or0Hkw4sp25EJboYmD9ukgv/3iNm03c3vyE5T4=", "last_login": "2023-07-25T13:45:22.791Z", "is_superuser": false, "username": "ItsMePeshoO", "first_name": "", "last_name": "", "email": "peshkoneshko@gmail.com", "is_staff": false, "is_active": true, "date_joined": "2023-07-25T13:45:17.815Z", "groups": [], "user_permissions": []}}, {"model": "auth.user", "pk": 18, "fields": {"password": "pbkdf2_sha256$390000$xcqMjzfzcblDYrpRKWaICh$VYoAWcvUh/HBL3FtPuq7+8LvGOJYEL/Q+m6ozKToOZM=", "last_login": null, "is_superuser": false, "username": "ClickOnMyProfileForMore", "first_name": "", "last_name": "", "email": "AnnaTheStripper@fiueivr.com.pp", "is_staff": false, "is_active": true, "date_joined": "2023-07-25T20:50:04.164Z", "groups": [], "user_permissions": []}}, {"model": "auth.user", "pk": 19, "fields": {"password": "pbkdf2_sha256$390000$1FpSf5Qwt9FIu2vNtgD52L$bPLVtVFDdGdxLGZuKkALR80Zjy9BIJa32no5cqV7aE0=", "last_login": "2023-07-26T18:39:25.836Z", "is_superuser": false, "username": "YouShouldntHavePermission", "first_name": "", "last_name": "", "email": "", "is_staff": false, "is_active": true, "date_joined": "2023-07-26T18:39:19.368Z", "groups": [], "user_permissions": []}}, {"model": "auth.user", "pk": 20, "fields": {"password": "pbkdf2_sha256$390000$SvLjnYijhEpT4G0fEEPWuz$Lo5DsRgI1p0fW/KJ8o63E/beJsQqWyprRtMgL8QektA=", "last_login": "2023-07-29T21:14:50.732Z", "is_superuser": false, "username": "Unufri1", "first_name": "", "last_name": "", "email": "", "is_staff": false, "is_active": true, "date_joined": "2023-07-29T21:14:44.161Z", "groups": [], "user_permissions": []}}, {"model": "auth.user", "pk": 21, "fields": {"password": "pbkdf2_sha256$390000$hHBy2rntBD5Kxw99hlALL5$0B9pbHLEfeMwxRSrzLPQ+qwIB54+DfeCO43Zt81VVI4=", "last_login": "2023-07-30T20:20:33.559Z", "is_superuser": false, "username": "DefaultGroupPlsWork", "first_name": "", "last_name": "", "email": "mynewemail@gmail.com", "is_staff": false, "is_active": true, "date_joined": "2023-07-30T19:51:56.800Z", "groups": [], "user_permissions": []}}, {"model": "auth.user", "pk": 22, "fields": {"password": "pbkdf2_sha256$390000$7vdSgpVfI6w8zpxbsuAUZ7$aUkXtuqNnSJsEobf2smyVG0AMBmen85Wq/wPW5ohlRI=", "last_login": "2023-07-30T20:43:35.024Z", "is_superuser": false, "username": "DefaultGroupPlsWork2", "first_name": "", "last_name": "", "email": "", "is_staff": false, "is_active": true, "date_joined": "2023-07-30T20:40:11.820Z", "groups": [], "user_permissions": []}}, {"model": "auth.user", "pk": 23, "fields": {"password": "pbkdf2_sha256$390000$4aNx9ucpKcLcZE7mzYGLJq$rs6dHYdudYyfC7AebsZAZ2KW6lnnPDqq22d6P3/N1Ts=", "last_login": "2023-08-01T20:29:56.870Z", "is_superuser": false, "username": "TestUser1", "first_name": "", "last_name": "", "email": "", "is_staff": false, "is_active": true, "date_joined": "2023-07-31T21:09:58Z", "groups": [], "user_permissions": []}}, {"model": "auth.user", "pk": 24, "fields": {"password": "pbkdf2_sha256$390000$u61SRN0ME5pLHPLaMPxwXp$mHvWj6djjKGgVb1GVk8xY/KHXe/kRF/oldXK4njDWVE=", "last_login": "2023-07-31T22:06:54.258Z", "is_superuser": false, "username": "DefaultGroupPlsWork3", "first_name": "", "last_name": "", "email": "", "is_staff": false, "is_active": true, "date_joined": "2023-07-31T22:06:49.301Z", "groups": [], "user_permissions": []}}, {"model": "auth.user", "pk": 25, "fields": {"password": "pbkdf2_sha256$390000$7qlBQmkNXX7XqYmZREySnc$6U6+9YzY8U9n6ODBiODPMuEiIzBzJgPce9jalmuCw0s=", "last_login": "2023-08-04T20:54:56.995Z", "is_superuser": false, "username": "Mitko", "first_name": "", "last_name": "", "email": "", "is_staff": true, "is_active": true, "date_joined": "2023-08-03T18:48:45Z", "groups": [2], "user_permissions": []}}, {"model": "auth.user", "pk": 26, "fields": {"password": "pbkdf2_sha256$390000$J7YPJlKz98GbljyiLMd6q9$vYw6OCd0SatASQv/X59mN8lXmKpXi5DVu01fXW9pPlo=", "last_login": "2023-08-04T20:58:38.625Z", "is_superuser": false, "username": "Pesho", "first_name": "", "last_name": "", "email": "", "is_staff": true, "is_active": true, "date_joined": "2023-08-03T18:51:08Z", "groups": [3], "user_permissions": []}}, {"model": "auth.user", "pk": 27, "fields": {"password": "pbkdf2_sha256$390000$432COztQungZrV0vOwrCVp$l9swgx44yNldeTh+Sv4BlsghwOIgl8qP3mq8dlvDYNo=", "last_login": "2023-08-04T21:26:03.951Z", "is_superuser": false, "username": "Atanas", "first_name": "", "last_name": "", "email": "", "is_staff": true, "is_active": true, "date_joined": "2023-08-03T18:51:56Z", "groups": [4], "user_permissions": []}}, {"model": "auth.user", "pk": 28, "fields": {"password": "pbkdf2_sha256$390000$c2NtbjxWosSwqrnY8NiGVM$uOcA5T25/wGnzHh7S2VSm+GX0QDmUfyG5h8Ke5EYaHQ=", "last_login": "2023-08-04T21:29:29.923Z", "is_superuser": false, "username": "dragani4", "first_name": "Dragomir", "last_name": "Stoianov", "email": "dragablago@gmail.com", "is_staff": false, "is_active": true, "date_joined": "2023-08-04T21:29:23.124Z", "groups": [], "user_permissions": []}}, {"model": "sessions.session", "pk": "44uytf364joppyzvf1f24hfg7k3vkl4x", "fields": {"session_data": ".eJxVjEEOwiAQRe_C2hCgFByX7nsGMsCMVA0kpV0Z765NutDtf-_9lwi4rSVsnZYwZ3ERWpx-t4jpQXUH-Y711mRqdV3mKHdFHrTLqWV6Xg_376BgL986EZAjHA2BYuOScy4nFYGjt1YDK2BrYdCa2IIeELyB6M5x9AaRkcX7A--0OBw:1qMXbs:EKNE6botF3TFFq6X1g_trmIu3XLR8HotGW3Swz_QFZY", "expire_date": "2023-08-03T17:38:40.921Z"}}, {"model": "sessions.session", "pk": "4ouemnd297z48jfhvi7yhdxts1oyrwoz", "fields": {"session_data": ".eJxVjEEOwiAQRe_C2hCgFByX7nsGMsCMVA0kpV0Z765NutDtf-_9lwi4rSVsnZYwZ3ERWpx-t4jpQXUH-Y711mRqdV3mKHdFHrTLqWV6Xg_376BgL986EZAjHA2BYuOScy4nFYGjt1YDK2BrYdCa2IIeELyB6M5x9AaRkcX7A--0OBw:1qHXQu:3mvHmUk4FvZ3KTutr_D2J74PQY7FSMZ9XvkCrU3k0FE", "expire_date": "2023-07-20T22:26:40.454Z"}}, {"model": "sessions.session", "pk": "5dqsvdk9eyw74degmagvk7obmm48hm7n", "fields": {"session_data": ".eJxVjEEOwiAQRe_C2hCgFByX7nsGMsCMVA0kpV0Z765NutDtf-_9lwi4rSVsnZYwZ3ERWpx-t4jpQXUH-Y711mRqdV3mKHdFHrTLqWV6Xg_376BgL986EZAjHA2BYuOScy4nFYGjt1YDK2BrYdCa2IIeELyB6M5x9AaRkcX7A--0OBw:1qHQUf:x1DVsIHGhlJsJ4zY8uo0tACAx-UX5XCNMREFVk6a2kQ", "expire_date": "2023-07-20T15:02:05.057Z"}}, {"model": "sessions.session", "pk": "5qgheo2sua7el7vhqsvu9qbzioqnnwo5", "fields": {"session_data": ".eJxVjEEOwiAQRe_C2hCgFByX7nsGMsCMVA0kpV0Z765NutDtf-_9lwi4rSVsnZYwZ3ERWpx-t4jpQXUH-Y711mRqdV3mKHdFHrTLqWV6Xg_376BgL986EZAjHA2BYuOScy4nFYGjt1YDK2BrYdCa2IIeELyB6M5x9AaRkcX7A--0OBw:1qMxeE:TMIuIEfKpAD9-GXtK6yBdcN46aUZ-cTLx21tnCYgQCk", "expire_date": "2023-08-04T21:26:50.424Z"}}, {"model": "sessions.session", "pk": "5w5vwbqzn6hb2b02vxjom4ofxbijw4n5", "fields": {"session_data": ".eJxVjEEOwiAQRe_C2hCgFByX7nsGMsCMVA0kpV0Z765NutDtf-_9lwi4rSVsnZYwZ3ERWpx-t4jpQXUH-Y711mRqdV3mKHdFHrTLqWV6Xg_376BgL986EZAjHA2BYuOScy4nFYGjt1YDK2BrYdCa2IIeELyB6M5x9AaRkcX7A--0OBw:1qMXmG:2g0WBOco_9HYi26Hk3bQgBLhZsAYSuiYfHFUBEWGZOQ", "expire_date": "2023-08-03T17:49:24.619Z"}}, {"model": "sessions.session", "pk": "6fjr0netgaw8e8lci4k4tvavu250rbz1", "fields": {"session_data": ".eJxVjEEOwiAQRe_C2hCgFByX7nsGMsCMVA0kpV0Z765NutDtf-_9lwi4rSVsnZYwZ3ERWpx-t4jpQXUH-Y711mRqdV3mKHdFHrTLqWV6Xg_376BgL986EZAjHA2BYuOScy4nFYGjt1YDK2BrYdCa2IIeELyB6M5x9AaRkcX7A--0OBw:1qPSSo:khko0mB0qNqAUVBydTzUHzrDBV3gSGDXCoqP1Qz1KXc", "expire_date": "2023-08-11T18:45:22.447Z"}}, {"model": "sessions.session", "pk": "6qev6ftv95p8mxfemjxs07ovcogwo8fc", "fields": {"session_data": ".eJxVjEEOwiAQRe_C2hCgFByX7nsGMsCMVA0kpV0Z765NutDtf-_9lwi4rSVsnZYwZ3ERWpx-t4jpQXUH-Y711mRqdV3mKHdFHrTLqWV6Xg_376BgL986EZAjHA2BYuOScy4nFYGjt1YDK2BrYdCa2IIeELyB6M5x9AaRkcX7A--0OBw:1qHBpy:V9S4K0WKp4UkCesvagSLZb0kKoyeo46Y42VVD87QD6Y", "expire_date": "2023-07-19T23:23:06.950Z"}}, {"model": "sessions.session", "pk": "6ubn1lpcktej57pul1bcfv6xd01lxyf5", "fields": {"session_data": ".eJxVjEEOwiAQRe_C2hCgFByX7nsGMsCMVA0kpV0Z765NutDtf-_9lwi4rSVsnZYwZ3ERWpx-t4jpQXUH-Y711mRqdV3mKHdFHrTLqWV6Xg_376BgL986EZAjHA2BYuOScy4nFYGjt1YDK2BrYdCa2IIeELyB6M5x9AaRkcX7A--0OBw:1qOx3T:mVLpkUngA0F60dPvf5N3Z8Y746Uy--c5du9_LABjjNU", "expire_date": "2023-08-10T09:13:07.553Z"}}, {"model": "sessions.session", "pk": "76kwfzcusymcbya4ie434nu5bu99k68s", "fields": {"session_data": ".eJxVjEEOwiAQRe_C2hCgFByX7nsGMsCMVA0kpV0Z765NutDtf-_9lwi4rSVsnZYwZ3ERWpx-t4jpQXUH-Y711mRqdV3mKHdFHrTLqWV6Xg_376BgL986EZAjHA2BYuOScy4nFYGjt1YDK2BrYdCa2IIeELyB6M5x9AaRkcX7A--0OBw:1qMVg1:h-qt3FCaLNgmnFe7x86g4LHd24NQB3Iuu9EPsR0oE0w", "expire_date": "2023-08-03T15:34:49.967Z"}}, {"model": "sessions.session", "pk": "7z2jm7cm2f7a6uwobkdhqmty91vtl76s", "fields": {"session_data": ".eJxVjEEOwiAQRe_C2hCgFByX7nsGMsCMVA0kpV0Z765NutDtf-_9lwi4rSVsnZYwZ3ERWpx-t4jpQXUH-Y711mRqdV3mKHdFHrTLqWV6Xg_376BgL986EZAjHA2BYuOScy4nFYGjt1YDK2BrYdCa2IIeELyB6M5x9AaRkcX7A--0OBw:1qHViF:O1PCahJyi765dy2_tCM4vV2HT7XcxdMgeEEGg4OdFmI", "expire_date": "2023-07-20T20:36:27.292Z"}}, {"model": "sessions.session", "pk": "8yfkigk853ofdy09d81wxdtdatl1vhp3", "fields": {"session_data": ".eJxVjEEOwiAQRe_C2hCgFByX7nsGMsCMVA0kpV0Z765NutDtf-_9lwi4rSVsnZYwZ3ERWpx-t4jpQXUH-Y711mRqdV3mKHdFHrTLqWV6Xg_376BgL986EZAjHA2BYuOScy4nFYGjt1YDK2BrYdCa2IIeELyB6M5x9AaRkcX7A--0OBw:1qITFd:YMl_srJuO-ZPS2Rutzv2Wx_OwrAr4BWYzOmMGY_fLOw", "expire_date": "2023-07-23T12:10:53.587Z"}}, {"model": "sessions.session", "pk": "99cdbxfzrglgm1zpeyo2197xf9lfzw2h", "fields": {"session_data": ".eJxVjEEOwiAQRe_C2hCgFByX7nsGMsCMVA0kpV0Z765NutDtf-_9lwi4rSVsnZYwZ3ERWpx-t4jpQXUH-Y711mRqdV3mKHdFHrTLqWV6Xg_376BgL986EZAjHA2BYuOScy4nFYGjt1YDK2BrYdCa2IIeELyB6M5x9AaRkcX7A--0OBw:1qHDcQ:wsmpZeTptM74nMnFGMNSjcPcbhdFGixQtzsgkPoMcQI", "expire_date": "2023-07-20T01:17:14.579Z"}}, {"model": "sessions.session", "pk": "c0c5nmtkte0tueg5p9lyy09ook869lqf", "fields": {"session_data": ".eJxVjEEOwiAQRe_C2hCgFByX7nsGMsCMVA0kpV0Z765NutDtf-_9lwi4rSVsnZYwZ3ERWpx-t4jpQXUH-Y711mRqdV3mKHdFHrTLqWV6Xg_376BgL986EZAjHA2BYuOScy4nFYGjt1YDK2BrYdCa2IIeELyB6M5x9AaRkcX7A--0OBw:1qOGzv:XsPWzDeflfTRlSw57MGUZhn9o2jVUJdzD4zjhuMmPQA", "expire_date": "2023-08-08T12:18:39.235Z"}}, {"model": "sessions.session", "pk": "c1aufl1f8t6hwrawrvwlsuvznf10z6bp", "fields": {"session_data": ".eJxVjDsOwjAQRO_iGlne-Eco6XOGyN5d4wCypTipEHcHSymgmGbem3mJOexbnvfG67yQuAgYxOm3jAEfXDqheyi3KrGWbV2i7Io8aJNTJX5eD_fvIIeW-1prDwrcNzxQSikikjLAyoNVSI41MzqNyTk2OJ6J9agiWG8TUDDi_QEPyziA:1qHRKO:ffOlOYKtQeUWUahBIMC7zyXT9_omh6LexCtATt3rUpU", "expire_date": "2023-07-20T15:55:32.939Z"}}, {"model": "sessions.session", "pk": "c7kbpnhibza6ou7pl76awug5n004jbqo", "fields": {"session_data": ".eJxVjEEOwiAQRe_C2hCgFByX7nsGMsCMVA0kpV0Z765NutDtf-_9lwi4rSVsnZYwZ3ERWpx-t4jpQXUH-Y711mRqdV3mKHdFHrTLqWV6Xg_376BgL986EZAjHA2BYuOScy4nFYGjt1YDK2BrYdCa2IIeELyB6M5x9AaRkcX7A--0OBw:1qMWLq:sF88QxRIsm1yPeGvo8sP9_06OUZidvQkbiQYR3E_t9g", "expire_date": "2023-08-03T16:18:02.246Z"}}, {"model": "sessions.session", "pk": "ddsnw5ff1obgp9wafxgssstgd0291mjf", "fields": {"session_data": ".eJxVjEEOwiAQRe_C2hCgFByX7nsGMsCMVA0kpV0Z765NutDtf-_9lwi4rSVsnZYwZ3ERWpx-t4jpQXUH-Y711mRqdV3mKHdFHrTLqWV6Xg_376BgL986EZAjHA2BYuOScy4nFYGjt1YDK2BrYdCa2IIeELyB6M5x9AaRkcX7A--0OBw:1qMwWk:Lo7n6MI2wXNLLuCWe8Gmiw_SpkUHbnTLyKEXdJRsnIE", "expire_date": "2023-08-04T20:15:02.432Z"}}, {"model": "sessions.session", "pk": "e6sauzddocl7tu8vsd70q2mus0uaqrda", "fields": {"session_data": ".eJxVjEEOwiAQRe_C2hCgFByX7nsGMsCMVA0kpV0Z765NutDtf-_9lwi4rSVsnZYwZ3ERWpx-t4jpQXUH-Y711mRqdV3mKHdFHrTLqWV6Xg_376BgL986EZAjHA2BYuOScy4nFYGjt1YDK2BrYdCa2IIeELyB6M5x9AaRkcX7A--0OBw:1qOxTE:zRLLb_kNtax2HmhO3Fjh0iW5W77uCyPrtEfMKYUm5w0", "expire_date": "2023-08-10T09:39:44.961Z"}}, {"model": "sessions.session", "pk": "fue75byhoi5d8ujkw3apn25521q84q5i", "fields": {"session_data": ".eJxVjEEOwiAQRe_C2hCgFByX7nsGMsCMVA0kpV0Z765NutDtf-_9lwi4rSVsnZYwZ3ERWpx-t4jpQXUH-Y711mRqdV3mKHdFHrTLqWV6Xg_376BgL986EZAjHA2BYuOScy4nFYGjt1YDK2BrYdCa2IIeELyB6M5x9AaRkcX7A--0OBw:1qOGfi:sYWFCKgvThZddztPxCdX8DGYsd7_OrG2_1LixonlLJU", "expire_date": "2023-08-08T11:57:46.530Z"}}, {"model": "sessions.session", "pk": "g6odjhyonum96hgykeaf7q5qe9rrfqwq", "fields": {"session_data": ".eJxVjEEOwiAQRe_C2hCgFByX7nsGMsCMVA0kpV0Z765NutDtf-_9lwi4rSVsnZYwZ3ERWpx-t4jpQXUH-Y711mRqdV3mKHdFHrTLqWV6Xg_376BgL986EZAjHA2BYuOScy4nFYGjt1YDK2BrYdCa2IIeELyB6M5x9AaRkcX7A--0OBw:1qOGDu:EsCLLykYIk65nu9MbST7-MrkPVU6a0vxdrz75eOA5eM", "expire_date": "2023-08-08T11:29:02.593Z"}}, {"model": "sessions.session", "pk": "go6dlpb5g1p2qpzv1f5yekek28j3h4wf", "fields": {"session_data": ".eJxVjMsOwiAQRf-FtSEytDxcuvcbyMAMUjWQlHZl_HfbpAvdnnPufYuA61LC2nkOE4mLACdOvzBienLdDT2w3ptMrS7zFOWeyMN2eWvEr-vR_h0U7GVbp6TRKmDF0dNgTD5ndhY8oENFeogbAQA_cjYaNbO2jomi8cYmhlF8vhqPOHc:1qS2MT:VcdcZ__sO6usA2oVTWGwwnw3CR9yJzIYm12YqpdaP1o", "expire_date": "2023-08-18T21:29:29.932Z"}}, {"model": "sessions.session", "pk": "gvtc3hjkm7mkv9hiwashsf2mzjkw8crv", "fields": {"session_data": ".eJxVjEEOwiAQRe_C2hCgFByX7nsGMsCMVA0kpV0Z765NutDtf-_9lwi4rSVsnZYwZ3ERWpx-t4jpQXUH-Y711mRqdV3mKHdFHrTLqWV6Xg_376BgL986EZAjHA2BYuOScy4nFYGjt1YDK2BrYdCa2IIeELyB6M5x9AaRkcX7A--0OBw:1qPh7r:ILLojKhICLUdhFJJzq9jhdcRqE-D73gxpKuF7w2UOhw", "expire_date": "2023-08-12T10:24:43.223Z"}}, {"model": "sessions.session", "pk": "hhgf49o7z26lqms0oqbpsbx9smrriu2y", "fields": {"session_data": ".eJxVjEEOwiAQRe_C2hCgFByX7nsGMsCMVA0kpV0Z765NutDtf-_9lwi4rSVsnZYwZ3ERWpx-t4jpQXUH-Y711mRqdV3mKHdFHrTLqWV6Xg_376BgL986EZAjHA2BYuOScy4nFYGjt1YDK2BrYdCa2IIeELyB6M5x9AaRkcX7A--0OBw:1qOcEc:L9hI1-L2uBFZmlSVly_bzMXLzx57pOhneSGZToezBqc", "expire_date": "2023-08-09T10:59:14.026Z"}}, {"model": "sessions.session", "pk": "ip332oh0mb4c6jukg5kjij16gq2g2c7p", "fields": {"session_data": ".eJxVjEEOwiAQRe_C2hCgFByX7nsGMsCMVA0kpV0Z765NutDtf-_9lwi4rSVsnZYwZ3ERWpx-t4jpQXUH-Y711mRqdV3mKHdFHrTLqWV6Xg_376BgL986EZAjHA2BYuOScy4nFYGjt1YDK2BrYdCa2IIeELyB6M5x9AaRkcX7A--0OBw:1qSHXs:hTu2XCmvZdbgLA3uy8_T4qBb_1UgEJYlX5_t9vowKXI", "expire_date": "2023-08-19T13:42:16.521Z"}}, {"model": "sessions.session", "pk": "j8lm6huksxma8vftzbzqln93s5pkok4j", "fields": {"session_data": ".eJxVjEEOwiAQRe_C2hCgFByX7nsGMsCMVA0kpV0Z765NutDtf-_9lwi4rSVsnZYwZ3ERWpx-t4jpQXUH-Y711mRqdV3mKHdFHrTLqWV6Xg_376BgL986EZAjHA2BYuOScy4nFYGjt1YDK2BrYdCa2IIeELyB6M5x9AaRkcX7A--0OBw:1qISxJ:vwhOKd4GDpPyx-aEyfukabKXT8cWftdUEgjHcADvoj4", "expire_date": "2023-07-23T11:51:57.278Z"}}, {"model": "sessions.session", "pk": "k0u6yqsicxwo67aw2un93s8f0xibtwvt", "fields": {"session_data": ".eJxVjEEOwiAQRe_C2hCgFByX7nsGMsCMVA0kpV0Z765NutDtf-_9lwi4rSVsnZYwZ3ERWpx-t4jpQXUH-Y711mRqdV3mKHdFHrTLqWV6Xg_376BgL986EZAjHA2BYuOScy4nFYGjt1YDK2BrYdCa2IIeELyB6M5x9AaRkcX7A--0OBw:1qN83K:7EURoOKG76dRTmf5WIksGIaJg57bV9eaO867E4fcQ7w", "expire_date": "2023-08-05T08:33:26.892Z"}}, {"model": "sessions.session", "pk": "k46sv1z5gv5iqx9xsng2c2xxqgvit89d", "fields": {"session_data": ".eJxVjEEOwiAQRe_C2hCgFByX7nsGMsCMVA0kpV0Z765NutDtf-_9lwi4rSVsnZYwZ3ERWpx-t4jpQXUH-Y711mRqdV3mKHdFHrTLqWV6Xg_376BgL986EZAjHA2BYuOScy4nFYGjt1YDK2BrYdCa2IIeELyB6M5x9AaRkcX7A--0OBw:1qIS6x:8niynfdBK5WgpVeMSXHSG8hYeCGBjjaqun6WPzIJE5E", "expire_date": "2023-07-23T10:57:51.251Z"}}, {"model": "sessions.session", "pk": "le1pvnscfeo07xpnwh5x05oympgu05tf", "fields": {"session_data": ".eJxVjEEOwiAQRe_C2hCgFByX7nsGMsCMVA0kpV0Z765NutDtf-_9lwi4rSVsnZYwZ3ERWpx-t4jpQXUH-Y711mRqdV3mKHdFHrTLqWV6Xg_376BgL986EZAjHA2BYuOScy4nFYGjt1YDK2BrYdCa2IIeELyB6M5x9AaRkcX7A--0OBw:1qN7ZB:ZI3GOxyRkE1_R6Y9GOQSgqUqM_tUFmkgVRe5L2ns278", "expire_date": "2023-08-05T08:02:17.720Z"}}, {"model": "sessions.session", "pk": "lgly99q9obgs57o597swmn0uip621fjb", "fields": {"session_data": ".eJxVjEEOwiAQRe_C2hCgFByX7nsGMsCMVA0kpV0Z765NutDtf-_9lwi4rSVsnZYwZ3ERWpx-t4jpQXUH-Y711mRqdV3mKHdFHrTLqWV6Xg_376BgL986EZAjHA2BYuOScy4nFYGjt1YDK2BrYdCa2IIeELyB6M5x9AaRkcX7A--0OBw:1qMYdx:gj6e-6tNC0WqbY4xp0lp_Ulk67fWBIv4GnuRMWRSNHU", "expire_date": "2023-08-03T18:44:53.814Z"}}, {"model": "sessions.session", "pk": "lpfarlcq6t95cuf73636ni2m1fqzph8t", "fields": {"session_data": ".eJxVjEEOwiAQRe_C2hCgFByX7nsGMsCMVA0kpV0Z765NutDtf-_9lwi4rSVsnZYwZ3ERWpx-t4jpQXUH-Y711mRqdV3mKHdFHrTLqWV6Xg_376BgL986EZAjHA2BYuOScy4nFYGjt1YDK2BrYdCa2IIeELyB6M5x9AaRkcX7A--0OBw:1qOFE4:gn0DMNcAFRXwQXcgkw02iHKdAYEBAiyyWw4FmpDJ1wc", "expire_date": "2023-08-08T10:25:08.204Z"}}, {"model": "sessions.session", "pk": "mvu63h6agb4zvlrwrmrikmo9zg4mzpm6", "fields": {"session_data": ".eJxVjEEOwiAQRe_C2hCgFByX7nsGMsCMVA0kpV0Z765NutDtf-_9lwi4rSVsnZYwZ3ERWpx-t4jpQXUH-Y711mRqdV3mKHdFHrTLqWV6Xg_376BgL986EZAjHA2BYuOScy4nFYGjt1YDK2BrYdCa2IIeELyB6M5x9AaRkcX7A--0OBw:1qIonY:6fZbmr5kyxpbZx2fC8qKQxjsBttitMNXxU74boAgqbs", "expire_date": "2023-07-24T11:11:20.145Z"}}, {"model": "sessions.session", "pk": "mvyn7zk455ps37tjt6dyjfcl4tbh3vjf", "fields": {"session_data": ".eJxVjEEOwiAQRe_C2hCgFByX7nsGMsCMVA0kpV0Z765NutDtf-_9lwi4rSVsnZYwZ3ERWpx-t4jpQXUH-Y711mRqdV3mKHdFHrTLqWV6Xg_376BgL986EZAjHA2BYuOScy4nFYGjt1YDK2BrYdCa2IIeELyB6M5x9AaRkcX7A--0OBw:1qMXa0:6j0VZa4AWB1oujug-BzW76G464DdSwJ5SB4ZDRoZ76w", "expire_date": "2023-08-03T17:36:44.335Z"}}, {"model": "sessions.session", "pk": "n0lcmnixhit53gvroij0qsdl7gpbnewy", "fields": {"session_data": ".eJxVjEEOwiAQRe_C2hCgFByX7nsGMsCMVA0kpV0Z765NutDtf-_9lwi4rSVsnZYwZ3ERWpx-t4jpQXUH-Y711mRqdV3mKHdFHrTLqWV6Xg_376BgL986EZAjHA2BYuOScy4nFYGjt1YDK2BrYdCa2IIeELyB6M5x9AaRkcX7A--0OBw:1qOEPW:GP9A91MRKJOb03S386WO27YLwRUTdzex5K6fwDx_rLE", "expire_date": "2023-08-08T09:32:54.330Z"}}, {"model": "sessions.session", "pk": "n9eduwdh209uyu9e95xtysrawv84tci3", "fields": {"session_data": ".eJxVjEEOwiAQRe_C2hCgFByX7nsGMsCMVA0kpV0Z765NutDtf-_9lwi4rSVsnZYwZ3ERWpx-t4jpQXUH-Y711mRqdV3mKHdFHrTLqWV6Xg_376BgL986EZAjHA2BYuOScy4nFYGjt1YDK2BrYdCa2IIeELyB6M5x9AaRkcX7A--0OBw:1qHnb4:8E5mMHs5b81Cj1hMg1gfQP3zpm7gAF52V3bVzNiW1Io", "expire_date": "2023-07-21T15:42:14.876Z"}}, {"model": "sessions.session", "pk": "nsir2ujao2d84d360t435hbbk6ydua9l", "fields": {"session_data": ".eJxVjEEOwiAQRe_C2hCgFByX7nsGMsCMVA0kpV0Z765NutDtf-_9lwi4rSVsnZYwZ3ERWpx-t4jpQXUH-Y711mRqdV3mKHdFHrTLqWV6Xg_376BgL986EZAjHA2BYuOScy4nFYGjt1YDK2BrYdCa2IIeELyB6M5x9AaRkcX7A--0OBw:1qObqL:7np2iyRXlzgr31-HN5kkJ4uV_rNAl29xJI49L1JtaKo", "expire_date": "2023-08-09T10:34:09.516Z"}}, {"model": "sessions.session", "pk": "of3ovxgc6leprl0hkfzcrrl1unu13bpb", "fields": {"session_data": ".eJxVjEEOwiAQRe_C2hCgFByX7nsGMsCMVA0kpV0Z765NutDtf-_9lwi4rSVsnZYwZ3ERWpx-t4jpQXUH-Y711mRqdV3mKHdFHrTLqWV6Xg_376BgL986EZAjHA2BYuOScy4nFYGjt1YDK2BrYdCa2IIeELyB6M5x9AaRkcX7A--0OBw:1qMPY5:YPmots5RrPHupWqG7Vzk99cLpumf0gAmc3Vy1Bf2uQ0", "expire_date": "2023-08-03T09:02:13.321Z"}}, {"model": "sessions.session", "pk": "p36qp6sxjprzgppvpdaggwileiy59dri", "fields": {"session_data": ".eJxVjEEOwiAQRe_C2hCgFByX7nsGMsCMVA0kpV0Z765NutDtf-_9lwi4rSVsnZYwZ3ERWpx-t4jpQXUH-Y711mRqdV3mKHdFHrTLqWV6Xg_376BgL986EZAjHA2BYuOScy4nFYGjt1YDK2BrYdCa2IIeELyB6M5x9AaRkcX7A--0OBw:1qH95w:z_J_423RDnJqWof14jwWJ-Cn3tMt3P2IMc8Pk0RguM0", "expire_date": "2023-07-19T20:27:24.345Z"}}, {"model": "sessions.session", "pk": "p838zucvacbvkrdwclogz2owfbo5ysl0", "fields": {"session_data": ".eJxVjDsOwjAQRO_iGlne-Eco6XOGyN5d4wCypTipEHcHSymgmGbem3mJOexbnvfG67yQuAgYxOm3jAEfXDqheyi3KrGWbV2i7Io8aJNTJX5eD_fvIIeW-1prDwrcNzxQSikikjLAyoNVSI41MzqNyTk2OJ6J9agiWG8TUDDi_QEPyziA:1qHQud:1n5Rjlf-mpbVnlQCpxuu-1j0zRYzdIbruBS2uBqzAd4", "expire_date": "2023-07-20T15:28:55.563Z"}}, {"model": "sessions.session", "pk": "ppekw3zve3z8z4x0rpje3cgmp0s14n4f", "fields": {"session_data": ".eJxVjEEOwiAQRe_C2hCgFByX7nsGMsCMVA0kpV0Z765NutDtf-_9lwi4rSVsnZYwZ3ERWpx-t4jpQXUH-Y711mRqdV3mKHdFHrTLqWV6Xg_376BgL986EZAjHA2BYuOScy4nFYGjt1YDK2BrYdCa2IIeELyB6M5x9AaRkcX7A--0OBw:1qMPkY:IPblLO3KjsLW2heCC8gfxSox5uOQ97FZ9qQr86od5h4", "expire_date": "2023-08-03T09:15:06.708Z"}}, {"model": "sessions.session", "pk": "pxfxfkf4ss0lb952ap3iwhfi9useejkw", "fields": {"session_data": ".eJxVjEEOwiAQRe_C2hChZQCX7j0DGZipVA0kpV0Z7y5NutDte-__twi4rTlsjZcwk7gIZcXpF0ZMTy67oQeWe5WplnWZo9wTedgmb5X4dT3av4OMLfe1HpQiGLzTpCdKbLw_gwPqwKmUrEVwbtKRLYyDh2jYMMeekLIjIojPF-2vN54:1qOILq:KW0u1MBEJ1ws8BEnPODCO4VjLPaj8wv8DCvMPCXAixk", "expire_date": "2023-08-08T13:45:22.797Z"}}, {"model": "sessions.session", "pk": "s1c2fwzx9bdw5rm9bl0oypleoci2kzei", "fields": {"session_data": ".eJxVjEEOwiAQRe_C2hCgFByX7nsGMsCMVA0kpV0Z765NutDtf-_9lwi4rSVsnZYwZ3ERWpx-t4jpQXUH-Y711mRqdV3mKHdFHrTLqWV6Xg_376BgL986EZAjHA2BYuOScy4nFYGjt1YDK2BrYdCa2IIeELyB6M5x9AaRkcX7A--0OBw:1qPqDq:gIJykxlaCROa_BueHLSxo_I3ceUGoZqeuN5ljfOZH1Y", "expire_date": "2023-08-12T20:07:30.342Z"}}, {"model": "sessions.session", "pk": "s84hacfsv5yllnytjwjkux6msuimuyzq", "fields": {"session_data": ".eJxVjEEOwiAQRe_C2hCgFByX7nsGMsCMVA0kpV0Z765NutDtf-_9lwi4rSVsnZYwZ3ERWpx-t4jpQXUH-Y711mRqdV3mKHdFHrTLqWV6Xg_376BgL986EZAjHA2BYuOScy4nFYGjt1YDK2BrYdCa2IIeELyB6M5x9AaRkcX7A--0OBw:1qNhJa:u8z13BtO9biPzKnWI6H-RSe6FAP77b8if-quLEI6EwM", "expire_date": "2023-08-06T22:12:34.082Z"}}, {"model": "sessions.session", "pk": "sxvpjweu59906jyyls93c9ga2dt31a5r", "fields": {"session_data": ".eJxVjEEOwiAQRe_C2hCgFByX7nsGMsCMVA0kpV0Z765NutDtf-_9lwi4rSVsnZYwZ3ERWpx-t4jpQXUH-Y711mRqdV3mKHdFHrTLqWV6Xg_376BgL986EZAjHA2BYuOScy4nFYGjt1YDK2BrYdCa2IIeELyB6M5x9AaRkcX7A--0OBw:1qIZRV:KfBCrxv4w8mE6XJS5dXMRB4GClVGR3t9kQmFKuBXgEE", "expire_date": "2023-07-23T18:47:33.664Z"}}, {"model": "sessions.session", "pk": "tm8p7459jlqffp0uruvhjeh1e5d8axmr", "fields": {"session_data": ".eJxVjEEOwiAQRe_C2hCgFByX7nsGMsCMVA0kpV0Z765NutDtf-_9lwi4rSVsnZYwZ3ERWpx-t4jpQXUH-Y711mRqdV3mKHdFHrTLqWV6Xg_376BgL986EZAjHA2BYuOScy4nFYGjt1YDK2BrYdCa2IIeELyB6M5x9AaRkcX7A--0OBw:1qISIz:BmwCKhvsF7CsOQtxXWeKKMi94nNTPQsFTfEQMclLUIY", "expire_date": "2023-07-23T11:10:17.716Z"}}, {"model": "sessions.session", "pk": "txjd2t02n9kfqr4tatdsml4spv42reqw", "fields": {"session_data": ".eJxVjEEOwiAQRe_C2hCgFByX7nsGMsCMVA0kpV0Z765NutDtf-_9lwi4rSVsnZYwZ3ERWpx-t4jpQXUH-Y711mRqdV3mKHdFHrTLqWV6Xg_376BgL986EZAjHA2BYuOScy4nFYGjt1YDK2BrYdCa2IIeELyB6M5x9AaRkcX7A--0OBw:1qOlkb:exEx68xoh1xsC5HsC9nLx7Pc92Kl0iAtPHAdQ8caqCk", "expire_date": "2023-08-09T21:08:53.554Z"}}, {"model": "sessions.session", "pk": "u1vfymq84dmx0zfgegte7p27soy0fn1g", "fields": {"session_data": ".eJxVjEEOwiAQRe_C2hCgFByX7nsGMsCMVA0kpV0Z765NutDtf-_9lwi4rSVsnZYwZ3ERWpx-t4jpQXUH-Y711mRqdV3mKHdFHrTLqWV6Xg_376BgL986EZAjHA2BYuOScy4nFYGjt1YDK2BrYdCa2IIeELyB6M5x9AaRkcX7A--0OBw:1qPiU9:lp2-P9Y5nIAo1twFR9pGkn_xOsI4bAlN2BeiPqpLZns", "expire_date": "2023-08-12T11:51:49.531Z"}}, {"model": "sessions.session", "pk": "udaku5m85qjzrx8wg1td8cmd198xik8k", "fields": {"session_data": ".eJxVjEEOwiAQRe_C2hCgFByX7nsGMsCMVA0kpV0Z765NutDtf-_9lwi4rSVsnZYwZ3ERWpx-t4jpQXUH-Y711mRqdV3mKHdFHrTLqWV6Xg_376BgL986EZAjHA2BYuOScy4nFYGjt1YDK2BrYdCa2IIeELyB6M5x9AaRkcX7A--0OBw:1qHVoQ:SYuLxfbcG_TWlL9iAefXaVGAinV77PeBDc5WRKw4F30", "expire_date": "2023-07-20T20:42:50.340Z"}}, {"model": "sessions.session", "pk": "wfg5z09htiif9hww6ugqs35yq33y664q", "fields": {"session_data": ".eJxVjEEOwiAQRe_C2hCgFByX7nsGMsCMVA0kpV0Z765NutDtf-_9lwi4rSVsnZYwZ3ERWpx-t4jpQXUH-Y711mRqdV3mKHdFHrTLqWV6Xg_376BgL986EZAjHA2BYuOScy4nFYGjt1YDK2BrYdCa2IIeELyB6M5x9AaRkcX7A--0OBw:1qOjoY:vJwdLikO-GilB3oTAxun9OIx7VX0UKOV-BNOYJCXgXw", "expire_date": "2023-08-09T19:04:50.229Z"}}, {"model": "sessions.session", "pk": "wm14tnlisx063kaulmtwp0xylil7667t", "fields": {"session_data": ".eJxVjEEOwiAQRe_C2hCgFByX7nsGMsCMVA0kpV0Z765NutDtf-_9lwi4rSVsnZYwZ3ERWpx-t4jpQXUH-Y711mRqdV3mKHdFHrTLqWV6Xg_376BgL986EZAjHA2BYuOScy4nFYGjt1YDK2BrYdCa2IIeELyB6M5x9AaRkcX7A--0OBw:1qOEpZ:asKVBLYBsN4KkpxnZqhP4b7qbgO05GIOZlIt0G9RFt0", "expire_date": "2023-08-08T09:59:49.982Z"}}, {"model": "sessions.session", "pk": "y402vh5znykhy9qbm092aw96rffg6v5c", "fields": {"session_data": ".eJxVjEEOwiAQRe_C2hCgFByX7nsGMsCMVA0kpV0Z765NutDtf-_9lwi4rSVsnZYwZ3ERWpx-t4jpQXUH-Y711mRqdV3mKHdFHrTLqWV6Xg_376BgL986EZAjHA2BYuOScy4nFYGjt1YDK2BrYdCa2IIeELyB6M5x9AaRkcX7A--0OBw:1qHndA:IYEZTQZRvgI9IwNU8zx3In783luU1oEWkUX7_bN6HFs", "expire_date": "2023-07-21T15:44:24.859Z"}}, {"model": "sessions.session", "pk": "ypqt9uhxid3ysdbo4hfdio399qeh358t", "fields": {"session_data": ".eJxVjEEOwiAQRe_C2hCgFByX7nsGMsCMVA0kpV0Z765NutDtf-_9lwi4rSVsnZYwZ3ERWpx-t4jpQXUH-Y711mRqdV3mKHdFHrTLqWV6Xg_376BgL986EZAjHA2BYuOScy4nFYGjt1YDK2BrYdCa2IIeELyB6M5x9AaRkcX7A--0OBw:1qPNZ6:xRKYI5T10HqjNyiSD3H-1N6UYOmjpc1E1b6Z0Hvf8d8", "expire_date": "2023-08-11T13:31:32.354Z"}}, {"model": "sessions.session", "pk": "zn5rpjoipcdre1gafwmrqdg5fd27oybp", "fields": {"session_data": ".eJxVjEEOwiAQRe_C2hCgFByX7nsGMsCMVA0kpV0Z765NutDtf-_9lwi4rSVsnZYwZ3ERWpx-t4jpQXUH-Y711mRqdV3mKHdFHrTLqWV6Xg_376BgL986EZAjHA2BYuOScy4nFYGjt1YDK2BrYdCa2IIeELyB6M5x9AaRkcX7A--0OBw:1qIpUY:cLXGKlBx_0wyfYS5z8syGzElaiX_jOrGIh8tDwVkQLo", "expire_date": "2023-07-24T11:55:46.796Z"}}, {"model": "main.profile", "pk": 1, "fields": {"user": 1, "avatar": "static/images/avatars/istockphoto-1322277517-612x612_xHnjljv.jpg", "address": "ж.к. Бъкстон, бл. 24, ул. Пирин", "phone_number": null}}, {"model": "main.profile", "pk": 2, "fields": {"user": 12, "avatar": "static/images/avatars/istockphoto-1322277517-612x612.jpg", "address": "UK, London", "phone_number": null}}, {"model": "main.profile", "pk": 3, "fields": {"user": 13, "avatar": "", "address": null, "phone_number": null}}, {"model": "main.profile", "pk": 4, "fields": {"user": 14, "avatar": "", "address": "UK, London", "phone_number": null}}, {"model": "main.profile", "pk": 5, "fields": {"user": 15, "avatar": "static/images/avatars/special-stamp-png.png", "address": "UK, London", "phone_number": null}}, {"model": "main.profile", "pk": 6, "fields": {"user": 16, "avatar": "", "address": null, "phone_number": null}}, {"model": "main.profile", "pk": 7, "fields": {"user": 17, "avatar": "", "address": null, "phone_number": null}}, {"model": "main.profile", "pk": 8, "fields": {"user": 18, "avatar": "", "address": null, "phone_number": null}}, {"model": "main.profile", "pk": 9, "fields": {"user": 19, "avatar": "", "address": null, "phone_number": null}}, {"model": "main.profile", "pk": 10, "fields": {"user": 20, "avatar": "", "address": null, "phone_number": null}}, {"model": "main.profile", "pk": 11, "fields": {"user": 21, "avatar": "", "address": "", "phone_number": null}}, {"model": "main.profile", "pk": 12, "fields": {"user": 22, "avatar": "", "address": null, "phone_number": null}}, {"model": "main.profile", "pk": 13, "fields": {"user": 23, "avatar": "", "address": "Бургас, Лазур, бл. 25", "phone_number": null}}, {"model": "main.profile", "pk": 14, "fields": {"user": 24, "avatar": "", "address": null, "phone_number": null}}, {"model": "main.profile", "pk": 15, "fields": {"user": 25, "avatar": "", "address": "", "phone_number": null}}, {"model": "main.profile", "pk": 16, "fields": {"user": 26, "avatar": "", "address": null, "phone_number": null}}, {"model": "main.profile", "pk": 17, "fields": {"user": 27, "avatar": "", "address": null, "phone_number": null}}, {"model": "main.profile", "pk": 18, "fields": {"user": 28, "avatar": "", "address": "UK, London, 53 New Street London", "phone_number": null}}, {"model": "main.pizza", "pk": 2, "fields": {"name": "Cheese", "ingredients": "Tomato, mozzarella, cheese", "image": "static/images/pizza/shutterstock_623344781.jpg.webp", "price": 13.0, "is_special": null, "is_offer": true, "is_vege": null, "discount": null, "duplication_count": 0}}, {"model": "main.pizza", "pk": 3, "fields": {"name": "Veggie", "ingredients": "Tomato sauce, mozzarella, peppers, mushrooms, eggplant", "image": "static/images/pizza/shutterstock_570541132.jpg.webp", "price": 11.0, "is_special": null, "is_offer": null, "is_vege": true, "discount": null, "duplication_count": 0}}, {"model": "main.pizza", "pk": 4, "fields": {"name": "Pepperoni", "ingredients": "Tomato sauce, mozzarella, pepperoni", "image": "static/images/pizza/shutterstock_514457074.jpg.webp", "price": 16.0, "is_special": true, "is_offer": null, "is_vege": null, "discount": null, "duplication_count": 1}}, {"model": "main.pizza", "pk": 5, "fields": {"name": "Meat", "ingredients": "Tomato sauce, mozzarella, ground beef and sausage", "image": "static/images/pizza/shutterstock_548340295.jpg.webp", "price": 17.0, "is_special": null, "is_offer": true, "is_vege": null, "discount": null, "duplication_count": 0}}, {"model": "main.pizza", "pk": 6, "fields": {"name": "Margherita", "ingredients": "Tomato sauce, mozzarella, basil", "image": "static/images/pizza/shutterstock_347791016.jpg.webp", "price": 14.0, "is_special": true, "is_offer": true, "is_vege": true, "discount": null, "duplication_count": 1}}, {"model": "main.pizza", "pk": 7, "fields": {"name": "BBQ Chicken", "ingredients": "Tomato sauce, mozzarella, chicken, onion, basil", "image": "static/images/pizza/shutterstock_184944413.jpg.webp", "price": 17.0, "is_special": true, "is_offer": null, "is_vege": null, "discount": null, "duplication_count": 0}}, {"model": "main.pizza", "pk": 8, "fields": {"name": "Hawaiian", "ingredients": "Tomato sauce, mozzarella, ham, basil", "image": "static/images/pizza/shutterstock_313437680.jpg.webp", "price": 15.0, "is_special": null, "is_offer": null, "is_vege": null, "discount": null, "duplication_count": 1}}, {"model": "main.pizza", "pk": 9, "fields": {"name": "Buffalo", "ingredients": "Tomato sauce, mozzarella, buffalo sauce, spicy, salty, buttery", "image": "static/images/pizza/Buffalo-Chicken-Pizza-1-1024x683.jpg.webp", "price": 16.0, "is_special": null, "is_offer": null, "is_vege": null, "discount": null, "duplication_count": 0}}, {"model": "main.pizza", "pk": 10, "fields": {"name": "Supreme", "ingredients": "Tomato sauce, mozzarella, litany of toppings, sausage or pepperoni, vegetables", "image": "static/images/pizza/shutterstock_244706695.jpg.webp", "price": 19.0, "is_special": null, "is_offer": null, "is_vege": true, "discount": null, "duplication_count": 1}}, {"model": "main.pizza", "pk": 11, "fields": {"name": "The Works", "ingredients": "Tomato sauce, mozzarella, onions, olives, mushrooms, bacon, pepperoni", "image": "static/images/pizza/shutterstock_84904876.jpg.webp", "price": 14.0, "is_special": null, "is_offer": true, "is_vege": null, "discount": null, "duplication_count": 1}}, {"model": "main.pizza", "pk": 13, "fields": {"name": "Italian", "ingredients": "Tomato sauce, mozzarella, basil", "image": "static/images/pizza/classic-cheese-pizza-recipe-2-64429a0cb408b.jpg", "price": 12.0, "is_special": true, "is_offer": true, "is_vege": true, "discount": null, "duplication_count": 1}}, {"model": "main.pizza", "pk": 14, "fields": {"name": "All Pala", "ingredients": "Tomato sauce, mozzarella, high-hydration, long-rising dough, prosciutto, olives, spicy salami", "image": "static/images/pizza/5605e40fab254c87957b6765f721248f.jpg", "price": 16.0, "is_special": null, "is_offer": true, "is_vege": null, "discount": null, "duplication_count": 1}}, {"model": "main.pizza", "pk": 15, "fields": {"name": "Apizza", "ingredients": "Tomato sauce, mozzarella, anchovies, garlic, oregano", "image": "static/images/pizza/feaf29ba346349c29a1419e88b21bd56.jpg", "price": 13.0, "is_special": true, "is_offer": null, "is_vege": null, "discount": null, "duplication_count": 0}}, {"model": "main.pizza", "pk": 16, "fields": {"name": "Fovorite", "ingredients": "Tomato sauce, mozzarella, peppers and artichokes, basil", "image": "static/images/pizza/veggie-pizza-side-view-out-of-oven.webp", "price": 13.0, "is_special": null, "is_offer": null, "is_vege": true, "discount": null, "duplication_count": 1}}, {"model": "main.cart", "pk": 1, "fields": {"user": 1, "total_price": 16.0}}, {"model": "main.cart", "pk": 2, "fields": {"user": 13, "total_price": 0.0}}, {"model": "main.cart", "pk": 3, "fields": {"user": 14, "total_price": 0.0}}, {"model": "main.cart", "pk": 4, "fields": {"user": 15, "total_price": 0.0}}, {"model": "main.cart", "pk": 5, "fields": {"user": 16, "total_price": 0.0}}, {"model": "main.cart", "pk": 6, "fields": {"user": 17, "total_price": 0.0}}, {"model": "main.cart", "pk": 7, "fields": {"user": 18, "total_price": 0.0}}, {"model": "main.cart", "pk": 8, "fields": {"user": 19, "total_price": 0.0}}, {"model": "main.cart", "pk": 9, "fields": {"user": 20, "total_price": 0.0}}, {"model": "main.cart", "pk": 10, "fields": {"user": 21, "total_price": 0.0}}, {"model": "main.cart", "pk": 11, "fields": {"user": 22, "total_price": 0.0}}, {"model": "main.cart", "pk": 12, "fields": {"user": 23, "total_price": 0.0}}, {"model": "main.cart", "pk": 13, "fields": {"user": 24, "total_price": 0.0}}, {"model": "main.cart", "pk": 14, "fields": {"user": 25, "total_price": 0.0}}, {"model": "main.cart", "pk": 15, "fields": {"user": 26, "total_price": 0.0}}, {"model": "main.cart", "pk": 16, "fields": {"user": 27, "total_price": 11.0}}, {"model": "main.cart", "pk": 17, "fields": {"user": 28, "total_price": 0.0}}, {"model": "main.cartitem", "pk": 360, "fields": {"pizza": 2, "quantity": 1, "cart": null, "offer": 75, "final_price": 16.25, "is_small": false, "is_big": false, "is_large": true, "is_half_price": false, "created_at": "2023-07-29T17:26:38.507Z"}}, {"model": "main.cartitem", "pk": 361, "fields": {"pizza": 2, "quantity": 1, "cart": null, "offer": 75, "final_price": 16.25, "is_small": false, "is_big": false, "is_large": true, "is_half_price": false, "created_at": "2023-07-29T17:26:39.802Z"}}, {"model": "main.cartitem", "pk": 362, "fields": {"pizza": 16, "quantity": 1, "cart": null, "offer": 76, "final_price": 13.0, "is_small": false, "is_big": true, "is_large": false, "is_half_price": false, "created_at": "2023-07-29T17:30:26.870Z"}}, {"model": "main.cartitem", "pk": 363, "fields": {"pizza": 3, "quantity": 1, "cart": null, "offer": 76, "final_price": 11.0, "is_small": false, "is_big": true, "is_large": false, "is_half_price": false, "created_at": "2023-07-29T17:30:32.150Z"}}, {"model": "main.cartitem", "pk": 365, "fields": {"pizza": 13, "quantity": 1, "cart": null, "offer": 76, "final_price": 15.0, "is_small": false, "is_big": false, "is_large": true, "is_half_price": false, "created_at": "2023-07-29T17:31:02.408Z"}}, {"model": "main.cartitem", "pk": 366, "fields": {"pizza": 4, "quantity": 1, "cart": null, "offer": 77, "final_price": 16.0, "is_small": false, "is_big": true, "is_large": false, "is_half_price": false, "created_at": "2023-07-29T17:39:24.722Z"}}, {"model": "main.cartitem", "pk": 367, "fields": {"pizza": 5, "quantity": 1, "cart": null, "offer": 77, "final_price": 12.75, "is_small": true, "is_big": false, "is_large": false, "is_half_price": false, "created_at": "2023-07-29T17:42:18.488Z"}}, {"model": "main.cartitem", "pk": 368, "fields": {"pizza": 6, "quantity": 1, "cart": null, "offer": 77, "final_price": 17.5, "is_small": false, "is_big": false, "is_large": true, "is_half_price": false, "created_at": "2023-07-29T17:42:21.634Z"}}, {"model": "main.cartitem", "pk": 369, "fields": {"pizza": 8, "quantity": 1, "cart": null, "offer": 77, "final_price": 11.25, "is_small": true, "is_big": false, "is_large": false, "is_half_price": false, "created_at": "2023-07-29T17:42:27.426Z"}}, {"model": "main.cartitem", "pk": 370, "fields": {"pizza": 16, "quantity": 1, "cart": null, "offer": 77, "final_price": 13.0, "is_small": false, "is_big": true, "is_large": false, "is_half_price": false, "created_at": "2023-07-29T17:42:42.906Z"}}, {"model": "main.cartitem", "pk": 371, "fields": {"pizza": 4, "quantity": 1, "cart": null, "offer": 78, "final_price": 20.0, "is_small": false, "is_big": false, "is_large": true, "is_half_price": false, "created_at": "2023-07-29T19:06:23.676Z"}}, {"model": "main.cartitem", "pk": 372, "fields": {"pizza": 4, "quantity": 1, "cart": null, "offer": 78, "final_price": 20.0, "is_small": false, "is_big": false, "is_large": true, "is_half_price": false, "created_at": "2023-07-29T19:06:26.465Z"}}, {"model": "main.cartitem", "pk": 373, "fields": {"pizza": 15, "quantity": 1, "cart": null, "offer": 79, "final_price": 13.0, "is_small": false, "is_big": true, "is_large": false, "is_half_price": false, "created_at": "2023-07-29T19:24:00.238Z"}}, {"model": "main.cartitem", "pk": 374, "fields": {"pizza": 13, "quantity": 1, "cart": null, "offer": 79, "final_price": 12.0, "is_small": false, "is_big": true, "is_large": false, "is_half_price": false, "created_at": "2023-07-29T19:24:06.157Z"}}, {"model": "main.cartitem", "pk": 375, "fields": {"pizza": 6, "quantity": 1, "cart": null, "offer": 79, "final_price": 14.0, "is_small": false, "is_big": true, "is_large": false, "is_half_price": false, "created_at": "2023-07-29T19:24:10.448Z"}}, {"model": "main.cartitem", "pk": 376, "fields": {"pizza": 14, "quantity": 1, "cart": null, "offer": 79, "final_price": 16.0, "is_small": false, "is_big": true, "is_large": false, "is_half_price": false, "created_at": "2023-07-29T19:24:49.483Z"}}, {"model": "main.offer", "pk": 75, "fields": {"name": "Cheese Mania", "image": "static/images/offers/maxresdefault.jpg", "total_price": 32.5, "final_price": 25.0, "is_active": true, "in_progress": false}}, {"model": "main.offer", "pk": 76, "fields": {"name": "Vegetarian Dream", "image": "static/images/offers/veggie-deluxe-pizza-5.jpg", "total_price": 39.0, "final_price": 29.99, "is_active": true, "in_progress": false}}, {"model": "main.offer", "pk": 77, "fields": {"name": "Flavor Mixer", "image": "static/images/offers/guide-to-homemade-pizza-FT-_uhygmiU.jpg", "total_price": 70.5, "final_price": 61.0, "is_active": true, "in_progress": false}}, {"model": "main.offer", "pk": 78, "fields": {"name": "Power Duo", "image": "static/images/offers/picking-slice-of-pepperoni-pizza-picture-id1133727757.jpg", "total_price": 40.0, "final_price": 20.0, "is_active": true, "in_progress": false}}, {"model": "main.offer", "pk": 79, "fields": {"name": "Pizza alla Moda", "image": "static/images/offers/Gamberi-Prawn-Pizza.jpg", "total_price": 55.0, "final_price": 38.5, "is_active": true, "in_progress": false}}, {"model": "main.order", "pk": 9, "fields": {"user": 1, "is_finished": true, "cart_items": "Pepperoni - BIG • Cheese - LARGE • Cheese - LARGE • Veggie - BIG • Pepperoni - LARGE • Meat - BIG • Margherita - SMALL", "total_price": 61.989999999999995, "created_at": "2023-07-24T16:49:15.389Z"}}, {"model": "main.order", "pk": 10, "fields": {"user": 1, "is_finished": false, "cart_items": "Pepperoni - BIG • Pepperoni - BIG • Meat - BIG • Cheese - LARGE • Cheese - LARGE", "total_price": 43.989999999999995, "created_at": "2023-07-24T16:59:40.521Z"}}, {"model": "main.order", "pk": 13, "fields": {"user": 1, "is_finished": false, "cart_items": "Pepperoni - LARGE • Cheese - LARGE • Cheese - LARGE • Veggie - BIG • Pepperoni - LARGE • Meat - BIG • Margherita - SMALL", "total_price": 64.49, "created_at": "2023-07-28T09:58:00.281Z"}}, {"model": "main.order", "pk": 14, "fields": {"user": 1, "is_finished": false, "cart_items": "Cheese - LARGE • Cheese - LARGE • Fovorite - BIG • Veggie - BIG • Italian - LARGE • Pepperoni - BIG • Meat - SMALL • Margherita - LARGE • Hawaiian - SMALL • Fovorite - BIG • Pepperoni - LARGE • Pepperoni - LARGE • Apizza - BIG • Italian - BIG • Margherita - BIG • All Pala - BIG", "total_price": 174.49, "created_at": "2023-07-29T19:39:07.831Z"}}, {"model": "main.order", "pk": 17, "fields": {"user": 23, "is_finished": false, "cart_items": "Pepperoni - LARGE • Meat - BIG • Veggie - BIG • Pepperoni - BIG • Meat - SMALL • Margherita - LARGE • Hawaiian - SMALL • Fovorite - BIG", "total_price": 103.5, "created_at": "2023-08-01T20:05:37.637Z"}}, {"model": "main.review", "pk": 38, "fields": {"user": 1, "text": "The best of the best", "rating": 1, "created_at": "2023-07-25T11:04:31.966Z", "updated_at": "2023-07-25T11:04:31.966Z"}}, {"model": "main.review", "pk": 39, "fields": {"user": 1, "text": "The worst site ever, I just hate it", "rating": 5, "created_at": "2023-07-25T11:05:07.827Z", "updated_at": "2023-07-25T11:05:07.827Z"}}, {"model": "main.review", "pk": 40, "fields": {"user": 16, "text": "The best site ever man I'm lovin' it", "rating": 5, "created_at": "2023-07-25T13:24:11.322Z", "updated_at": "2023-07-25T13:24:11.322Z"}}, {"model": "main.review", "pk": 41, "fields": {"user": 17, "text": "That's my review, nothing special!", "rating": 4, "created_at": "2023-07-25T13:46:08.703Z", "updated_at": "2023-07-25T13:46:08.703Z"}}, {"model": "main.review", "pk": 42, "fields": {"user": 17, "text": "It's working, right? Oh yes ", "rating": 2, "created_at": "2023-07-25T13:52:55.318Z", "updated_at": "2023-07-25T13:52:55.318Z"}}, {"model": "main.review", "pk": 46, "fields": {"user": 1, "text": "the tomato sauce tastes like toothpaste, and the pizza itself, like dead bugs' corpses", "rating": 1, "created_at": "2023-07-25T20:47:12.327Z", "updated_at": "2023-07-25T20:47:12.327Z"}}, {"model": "main.review", "pk": 49, "fields": {"user": 20, "text": "The site is just fine", "rating": 4, "created_at": "2023-07-29T21:18:30.692Z", "updated_at": "2023-07-29T21:18:30.692Z"}}, {"model": "main.productimage", "pk": 1, "fields": {"image": "static/images/products/gallery-7.png"}}, {"model": "main.productimage", "pk": 2, "fields": {"image": "static/images/products/gallery-4.png"}}, {"model": "main.productimage", "pk": 3, "fields": {"image": "static/images/products/gallery-2.png"}}, {"model": "main.productimage", "pk": 4, "fields": {"image": "static/images/products/download.jpg"}}, {"model": "main.productimage", "pk": 5, "fields": {"image": "static/images/products/delish-cpk-julia-2-1533651476.jpg"}}, {"model": "main.productimage", "pk": 6, "fields": {"image": "static/images/products/2-trimark-robert-clark-cpk-restaurant-installation.jpg"}}, {"model": "main.productimage", "pk": 7, "fields": {"image": "static/images/products/istockphoto-876550728-170667a.jpg"}}, {"model": "main.productimage", "pk": 8, "fields": {"image": "static/images/products/designs-varuninapoli.jpg"}}, {"model": "main.productimage", "pk": 9, "fields": {"image": "static/images/products/content-img-422x.f71e539.e510565e9a4e37f4885319be50fcdf30.jpg"}}, {"model": "main.productimage", "pk": 10, "fields": {"image": "static/images/products/download_b53KnQq.jpg"}}, {"model": "main.productimage", "pk": 11, "fields": {"image": "static/images/products/AZ-with-Peter-Campbell-1-1600x800.jpg"}}]
